cell_id,ud,unimorph,cell_romance_aligned,cell_romance_comment,LatInFlexi-cell,POS,frequency,frequency_Antiquitas,frequency_AetasPatrum,frequency_MediumAeuum,frequency_RecentiorLatinitas
prs.act.ind.1.sg,VerbForm=Fin|Mood=Ind|Tense=Pres|Aspect=Imp|Voice=Act|Person=1|Number=Sing,V;FIN;ACT;PRS;IPFV;IND;1;SG,PRS-IND~1SG,,VERB:Fin+Ind+Pres+-+Act+1+Sing+-+-,noun,739362,91759,249823,369678,28102
prs.act.ind.2.sg,VerbForm=Fin|Mood=Ind|Tense=Pres|Aspect=Imp|Voice=Act|Person=2|Number=Sing,V;FIN;ACT;PRS;IPFV;IND;2;SG,PRS-IND~2SG,,VERB:Fin+Ind+Pres+-+Act+2+Sing+-+-,noun,506517,67860,197758,223074,17825
prs.act.ind.3.sg,VerbForm=Fin|Mood=Ind|Tense=Pres|Aspect=Imp|Voice=Act|Person=3|Number=Sing,V;FIN;ACT;PRS;IPFV;IND;3;SG,PRS-IND~3SG,,VERB:Fin+Ind+Pres+-+Act+3+Sing+-+-,noun,2899946,191826,926876,1698951,82293
prs.act.ind.1.pl,VerbForm=Fin|Mood=Ind|Tense=Pres|Aspect=Imp|Voice=Act|Person=1|Number=Plur,V;FIN;ACT;PRS;IPFV;IND;1;PL,PRS-IND~1PL,,VERB:Fin+Ind+Pres+-+Act+1+Plur+-+-,noun,184043,10466,84916,80392,8269
prs.act.ind.2.pl,VerbForm=Fin|Mood=Ind|Tense=Pres|Aspect=Imp|Voice=Act|Person=2|Number=Plur,V;FIN;ACT;PRS;IPFV;IND;2;PL,PRS-IND~2PL,,VERB:Fin+Ind+Pres+-+Act+2+Plur+-+-,noun,103439,9710,43731,48116,1882
prs.act.ind.3.pl,VerbForm=Fin|Mood=Ind|Tense=Pres|Aspect=Imp|Voice=Act|Person=3|Number=Plur,V;FIN;ACT;PRS;IPFV;IND;3;PL,PRS-IND~3PL,,VERB:Fin+Ind+Pres+-+Act+3+Plur+-+-,noun,725044,62347,253353,376999,32345
iprf.act.ind.1.sg,VerbForm=Fin|Mood=Ind|Tense=Past|Aspect=Imp|Voice=Act|Person=1|Number=Sing,V;FIN;ACT;PST;IPFV;IND;1;SG,IMPERF-IND~1SG,,VERB:Fin+Ind+Imp+Imp+Act+1+Sing+-+-,noun,10150,2186,4094,3658,212
iprf.act.ind.2.sg,VerbForm=Fin|Mood=Ind|Tense=Past|Aspect=Imp|Voice=Act|Person=2|Number=Sing,V;FIN;ACT;PST;IPFV;IND;2;SG,IMPERF-IND~2SG,,VERB:Fin+Ind+Imp+Imp+Act+2+Sing+-+-,noun,5685,1160,2782,1719,24
iprf.act.ind.3.sg,VerbForm=Fin|Mood=Ind|Tense=Past|Aspect=Imp|Voice=Act|Person=3|Number=Sing,V;FIN;ACT;PST;IPFV;IND;3;SG,IMPERF-IND~3SG,,VERB:Fin+Ind+Imp+Imp+Act+3+Sing+-+-,noun,207802,23810,74172,107633,2187
iprf.act.ind.1.pl,VerbForm=Fin|Mood=Ind|Tense=Past|Aspect=Imp|Voice=Act|Person=1|Number=Plur,V;FIN;ACT;PST;IPFV;IND;1;PL,IMPERF-IND~1PL,,VERB:Fin+Ind+Imp+Imp+Act+1+Plur+-+-,noun,3270,411,1640,1142,77
iprf.act.ind.2.pl,VerbForm=Fin|Mood=Ind|Tense=Past|Aspect=Imp|Voice=Act|Person=2|Number=Plur,V;FIN;ACT;PST;IPFV;IND;2;PL,IMPERF-IND~2PL,,VERB:Fin+Ind+Imp+Imp+Act+2+Plur+-+-,noun,1426,105,806,515,0
iprf.act.ind.3.pl,VerbForm=Fin|Mood=Ind|Tense=Past|Aspect=Imp|Voice=Act|Person=3|Number=Plur,V;FIN;ACT;PST;IPFV;IND;3;PL,IMPERF-IND~3PL,,VERB:Fin+Ind+Imp+Imp+Act+3+Plur+-+-,noun,91708,10129,31382,48988,1209
fut.act.ind.1.sg,VerbForm=Fin|Mood=Ind|Tense=Fut|Aspect=Imp|Voice=Act|Person=1|Number=Sing,V;FIN;ACT;FUT;IPFV;IND;1;SG,,,VERB:Fin+Ind+Fut+-+Act+1+Sing+-+-,noun,138109,15011,54426,65692,2980
fut.act.ind.2.sg,VerbForm=Fin|Mood=Ind|Tense=Fut|Aspect=Imp|Voice=Act|Person=2|Number=Sing,V;FIN;ACT;FUT;IPFV;IND;2;SG,,,VERB:Fin+Ind+Fut+-+Act+2+Sing+-+-,noun,88756,12592,34075,39690,2399
fut.act.ind.3.sg,VerbForm=Fin|Mood=Ind|Tense=Fut|Aspect=Imp|Voice=Act|Person=3|Number=Sing,V;FIN;ACT;FUT;IPFV;IND;3;SG,,,VERB:Fin+Ind+Fut+-+Act+3+Sing+-+-,noun,178628,16029,72588,83950,6061
fut.act.ind.1.pl,VerbForm=Fin|Mood=Ind|Tense=Fut|Aspect=Imp|Voice=Act|Person=1|Number=Plur,V;FIN;ACT;FUT;IPFV;IND;1;PL,,,VERB:Fin+Ind+Fut+-+Act+1+Plur+-+-,noun,19272,2487,7593,7852,1340
fut.act.ind.2.pl,VerbForm=Fin|Mood=Ind|Tense=Fut|Aspect=Imp|Voice=Act|Person=2|Number=Plur,V;FIN;ACT;FUT;IPFV;IND;2;PL,,,VERB:Fin+Ind+Fut+-+Act+2+Plur+-+-,noun,13199,664,5935,6520,80
fut.act.ind.3.pl,VerbForm=Fin|Mood=Ind|Tense=Fut|Aspect=Imp|Voice=Act|Person=3|Number=Plur,V;FIN;ACT;FUT;IPFV;IND;3;PL,,,VERB:Fin+Ind+Fut+-+Act+3+Plur+-+-,noun,58763,4226,26257,26559,1721
prs.act.sbjv.1.sg,VerbForm=Fin|Mood=Sub|Tense=Pres|Aspect=Imp|Voice=Act|Person=1|Number=Sing,V;FIN;ACT;PRS;IPFV;SBJV;1;SG,PRS-SBJV~1SG,,VERB:Fin+Sub+Pres+-+Act+1+Sing+-+-,noun,335837,36172,128200,162292,9173
prs.act.sbjv.2.sg,VerbForm=Fin|Mood=Sub|Tense=Pres|Aspect=Imp|Voice=Act|Person=2|Number=Sing,V;FIN;ACT;PRS;IPFV;SBJV;2;SG,PRS-SBJV~2SG,,VERB:Fin+Sub+Pres+-+Act+2+Sing+-+-,noun,204562,35870,76010,85317,7365
prs.act.sbjv.3.sg,VerbForm=Fin|Mood=Sub|Tense=Pres|Aspect=Imp|Voice=Act|Person=3|Number=Sing,V;FIN;ACT;PRS;IPFV;SBJV;3;SG,PRS-SBJV~3SG,,VERB:Fin+Sub+Pres+-+Act+3+Sing+-+-,noun,607274,49238,220414,309866,27756
prs.act.sbjv.1.pl,VerbForm=Fin|Mood=Sub|Tense=Pres|Aspect=Imp|Voice=Act|Person=1|Number=Plur,V;FIN;ACT;PRS;IPFV;SBJV;1;PL,PRS-SBJV~1PL,,VERB:Fin+Sub+Pres+-+Act+1+Plur+-+-,noun,86034,5222,42354,34506,3952
prs.act.sbjv.2.pl,VerbForm=Fin|Mood=Sub|Tense=Pres|Aspect=Imp|Voice=Act|Person=2|Number=Plur,V;FIN;ACT;PRS;IPFV;SBJV;2;PL,PRS-SBJV~2PL,,VERB:Fin+Sub+Pres+-+Act+2+Plur+-+-,noun,24985,2013,11230,11505,237
prs.act.sbjv.3.pl,VerbForm=Fin|Mood=Sub|Tense=Pres|Aspect=Imp|Voice=Act|Person=3|Number=Plur,V;FIN;ACT;PRS;IPFV;SBJV;3;PL,PRS-SBJV~3PL,,VERB:Fin+Sub+Pres+-+Act+3+Plur+-+-,noun,187805,17946,73624,82958,13277
iprf.act.sbjv.1.sg,VerbForm=Fin|Mood=Sub|Tense=Past|Aspect=Imp|Voice=Act|Person=1|Number=Sing,V;FIN;ACT;PST;IPFV;SBJV;1;SG,IMPERF-SBJV~1SG,,VERB:Fin+Sub+Imp+Imp+Act+1+Sing+-+-,noun,20404,4861,7374,7404,765
iprf.act.sbjv.2.sg,VerbForm=Fin|Mood=Sub|Tense=Past|Aspect=Imp|Voice=Act|Person=2|Number=Sing,V;FIN;ACT;PST;IPFV;SBJV;2;SG,IMPERF-SBJV~2SG,,VERB:Fin+Sub+Imp+Imp+Act+2+Sing+-+-,noun,15269,3197,6932,4808,332
iprf.act.sbjv.3.sg,VerbForm=Fin|Mood=Sub|Tense=Past|Aspect=Imp|Voice=Act|Person=3|Number=Sing,V;FIN;ACT;PST;IPFV;SBJV;3;SG,IMPERF-SBJV~3SG,,VERB:Fin+Sub+Imp+Imp+Act+3+Sing+-+-,noun,258814,30582,94530,129072,4630
iprf.act.sbjv.1.pl,VerbForm=Fin|Mood=Sub|Tense=Past|Aspect=Imp|Voice=Act|Person=1|Number=Plur,V;FIN;ACT;PST;IPFV;SBJV;1;PL,IMPERF-SBJV~1PL,,VERB:Fin+Sub+Imp+Imp+Act+1+Plur+-+-,noun,10990,1051,5604,3888,447
iprf.act.sbjv.2.pl,VerbForm=Fin|Mood=Sub|Tense=Past|Aspect=Imp|Voice=Act|Person=2|Number=Plur,V;FIN;ACT;PST;IPFV;SBJV;2;PL,IMPERF-SBJV~2PL,,VERB:Fin+Sub+Imp+Imp+Act+2+Plur+-+-,noun,3560,318,1791,1443,8
iprf.act.sbjv.3.pl,VerbForm=Fin|Mood=Sub|Tense=Past|Aspect=Imp|Voice=Act|Person=3|Number=Plur,V;FIN;ACT;PST;IPFV;SBJV;3;PL,IMPERF-SBJV~3PL,,VERB:Fin+Sub+Imp+Imp+Act+3+Plur+-+-,noun,84214,12712,31055,38537,1910
prs.act.imp.2.sg,VerbForm=Fin|Mood=Imp|Tense=Pres|Aspect=Imp|Voice=Act|Person=2|Number=Sing,V;FIN;ACT;PRS;IPFV;IMP;2;SG,IMP~2SG,,VERB:Fin+Imp+Pres+-+Act+2+Sing+-+-,noun,1680613,181079,627223,826113,46198
prs.act.imp.2.pl,VerbForm=Fin|Mood=Imp|Tense=Pres|Aspect=Imp|Voice=Act|Person=2|Number=Plur,V;FIN;ACT;PRS;IPFV;IMP;2;PL,IMP~2PL,,VERB:Fin+Imp+Pres+-+Act+2+Plur+-+-,noun,88923,6349,39708,42037,829
fut.act.imp.2.sg,VerbForm=Fin|Mood=Imp|Tense=Fut|Aspect=Imp|Voice=Act|Person=2|Number=Sing,V;FIN;ACT;FUT;IPFV;IMP;2;SG,,,VERB:Fin+Imp+Fut+-+Act+2+Sing+-+-,noun,68526,9439,22607,34341,2139
fut.act.imp.3.sg,VerbForm=Fin|Mood=Imp|Tense=Fut|Aspect=Imp|Voice=Act|Person=3|Number=Sing,V;FIN;ACT;FUT;IPFV;IMP;3;SG,,,VERB:Fin+Imp+Fut+-+Act+3+Sing+-+-,noun,68497,9420,22606,34332,2139
fut.act.imp.2.pl,VerbForm=Fin|Mood=Imp|Tense=Fut|Aspect=Imp|Voice=Act|Person=2|Number=Plur,V;FIN;ACT;FUT;IPFV;IMP;2;PL,,,VERB:Fin+Imp+Fut+-+Act+2+Plur+-+-,noun,2675,122,1194,1350,9
fut.act.imp.3.pl,VerbForm=Fin|Mood=Imp|Tense=Fut|Aspect=Imp|Voice=Act|Person=3|Number=Plur,V;FIN;ACT;FUT;IPFV;IMP;3;PL,,,VERB:Fin+Imp+Fut+-+Act+3+Plur+-+-,noun,308,163,78,30,37
prs.act.inf,VerbForm=Inf|Aspect=Imp|Voice=Act,V;NFIN;ACT;IPFV,INF,,VERB:Inf+-+Pres+-+Act+-+-+-+-,noun,1167813,123222,432884,562156,49551
prs.pass.ind.1.sg,VerbForm=Fin|Mood=Ind|Tense=Pres|Aspect=Imp|Voice=Pass|Person=1|Number=Sing,V;FIN;PASS;PRS;IPFV;IND;1;SG,,,VERB:Fin+Ind+Pres+-+Pass+1+Sing+-+-,noun,73622,13015,23398,34320,2889
prs.pass.ind.2.sg,VerbForm=Fin|Mood=Ind|Tense=Pres|Aspect=Imp|Voice=Pass|Person=2|Number=Sing,V;FIN;PASS;PRS;IPFV;IND;2;SG,,,VERB:Fin+Ind+Pres+-+Pass+2+Sing+-+-,noun,36261,4150,15728,15274,1109
prs.pass.ind.3.sg,VerbForm=Fin|Mood=Ind|Tense=Pres|Aspect=Imp|Voice=Pass|Person=3|Number=Sing,V;FIN;PASS;PRS;IPFV;IND;3;SG,,,VERB:Fin+Ind+Pres+-+Pass+3+Sing+-+-,noun,695080,33613,212812,427494,21161
prs.pass.ind.1.pl,VerbForm=Fin|Mood=Ind|Tense=Pres|Aspect=Imp|Voice=Pass|Person=1|Number=Plur,V;FIN;PASS;PRS;IPFV;IND;1;PL,,,VERB:Fin+Ind+Pres+-+Pass+1+Plur+-+-,noun,29449,1802,13000,13148,1499
prs.pass.ind.2.pl,VerbForm=Fin|Mood=Ind|Tense=Pres|Aspect=Imp|Voice=Pass|Person=2|Number=Plur,V;FIN;PASS;PRS;IPFV;IND;2;PL,,,VERB:Fin+Ind+Pres+-+Pass+2+Plur+-+-,noun,10309,578,4927,4671,133
prs.pass.ind.3.pl,VerbForm=Fin|Mood=Ind|Tense=Pres|Aspect=Imp|Voice=Pass|Person=3|Number=Plur,V;FIN;PASS;PRS;IPFV;IND;3;PL,,,VERB:Fin+Ind+Pres+-+Pass+3+Plur+-+-,noun,202443,15313,69877,106941,10312
iprf.pass.ind.1.sg,VerbForm=Fin|Mood=Ind|Tense=Past|Aspect=Imp|Voice=Pass|Person=1|Number=Sing,V;FIN;PASS;PST;IPFV;IND;1;SG,,,VERB:Fin+Ind+Imp+Imp+Pass+1+Sing+-+-,noun,2284,586,904,746,48
iprf.pass.ind.2.sg,VerbForm=Fin|Mood=Ind|Tense=Past|Aspect=Imp|Voice=Pass|Person=2|Number=Sing,V;FIN;PASS;PST;IPFV;IND;2;SG,,,VERB:Fin+Ind+Imp+Imp+Pass+2+Sing+-+-,noun,584,41,298,243,2
iprf.pass.ind.3.sg,VerbForm=Fin|Mood=Ind|Tense=Past|Aspect=Imp|Voice=Pass|Person=3|Number=Sing,V;FIN;PASS;PST;IPFV;IND;3;SG,,,VERB:Fin+Ind+Imp+Imp+Pass+3+Sing+-+-,noun,43111,4316,16069,22233,493
iprf.pass.ind.1.pl,VerbForm=Fin|Mood=Ind|Tense=Past|Aspect=Imp|Voice=Pass|Person=1|Number=Plur,V;FIN;PASS;PST;IPFV;IND;1;PL,,,VERB:Fin+Ind+Imp+Imp+Pass+1+Plur+-+-,noun,762,103,383,264,12
iprf.pass.ind.2.pl,VerbForm=Fin|Mood=Ind|Tense=Past|Aspect=Imp|Voice=Pass|Person=2|Number=Plur,V;FIN;PASS;PST;IPFV;IND;2;PL,,,VERB:Fin+Ind+Imp+Imp+Pass+2+Plur+-+-,noun,140,14,58,68,0
iprf.pass.ind.3.pl,VerbForm=Fin|Mood=Ind|Tense=Past|Aspect=Imp|Voice=Pass|Person=3|Number=Plur,V;FIN;PASS;PST;IPFV;IND;3;PL,,,VERB:Fin+Ind+Imp+Imp+Pass+3+Plur+-+-,noun,22832,2971,8491,10987,383
fut.pass.ind.1.sg,VerbForm=Fin|Mood=Ind|Tense=Fut|Aspect=Imp|Voice=Pass|Person=1|Number=Sing,V;FIN;PASS;FUT;IPFV;IND;1;SG,,,VERB:Fin+Ind+Fut+-+Pass+1+Sing+-+-,noun,13097,2181,5379,5266,271
fut.pass.ind.2.sg,VerbForm=Fin|Mood=Ind|Tense=Fut|Aspect=Imp|Voice=Pass|Person=2|Number=Sing,V;FIN;PASS;FUT;IPFV;IND;2;SG,,,VERB:Fin+Ind+Fut+-+Pass+2+Sing+-+-,noun,24180,2381,10536,10492,771
fut.pass.ind.3.sg,VerbForm=Fin|Mood=Ind|Tense=Fut|Aspect=Imp|Voice=Pass|Person=3|Number=Sing,V;FIN;PASS;FUT;IPFV;IND;3;SG,,,VERB:Fin+Ind+Fut+-+Pass+3+Sing+-+-,noun,50871,2919,22327,24120,1505
fut.pass.ind.1.pl,VerbForm=Fin|Mood=Ind|Tense=Fut|Aspect=Imp|Voice=Pass|Person=1|Number=Plur,V;FIN;PASS;FUT;IPFV;IND;1;PL,,,VERB:Fin+Ind+Fut+-+Pass+1+Plur+-+-,noun,3335,467,1246,1388,234
fut.pass.ind.2.pl,VerbForm=Fin|Mood=Ind|Tense=Fut|Aspect=Imp|Voice=Pass|Person=2|Number=Plur,V;FIN;PASS;FUT;IPFV;IND;2;PL,,,VERB:Fin+Ind+Fut+-+Pass+2+Plur+-+-,noun,1416,30,598,783,5
fut.pass.ind.3.pl,VerbForm=Fin|Mood=Ind|Tense=Fut|Aspect=Imp|Voice=Pass|Person=3|Number=Plur,V;FIN;PASS;FUT;IPFV;IND;3;PL,,,VERB:Fin+Ind+Fut+-+Pass+3+Plur+-+-,noun,19551,1168,9322,8646,415
prs.pass.sbjv.1.sg,VerbForm=Fin|Mood=Sub|Tense=Pres|Aspect=Imp|Voice=Pass|Person=1|Number=Sing,V;FIN;PASS;PRS;IPFV;SBJV;1;SG,,,VERB:Fin+Sub+Pres+-+Pass+1+Sing+-+-,noun,26265,3748,9652,12311,554
prs.pass.sbjv.2.sg,VerbForm=Fin|Mood=Sub|Tense=Pres|Aspect=Imp|Voice=Pass|Person=2|Number=Sing,V;FIN;PASS;PRS;IPFV;SBJV;2;SG,,,VERB:Fin+Sub+Pres+-+Pass+2+Sing+-+-,noun,23483,2921,9889,10068,605
prs.pass.sbjv.3.sg,VerbForm=Fin|Mood=Sub|Tense=Pres|Aspect=Imp|Voice=Pass|Person=3|Number=Sing,V;FIN;PASS;PRS;IPFV;SBJV;3;SG,,,VERB:Fin+Sub+Pres+-+Pass+3+Sing+-+-,noun,168334,9945,66246,83631,8512
prs.pass.sbjv.1.pl,VerbForm=Fin|Mood=Sub|Tense=Pres|Aspect=Imp|Voice=Pass|Person=1|Number=Plur,V;FIN;PASS;PRS;IPFV;SBJV;1;PL,,,VERB:Fin+Sub+Pres+-+Pass+1+Plur+-+-,noun,18140,1107,7922,8485,626
prs.pass.sbjv.2.pl,VerbForm=Fin|Mood=Sub|Tense=Pres|Aspect=Imp|Voice=Pass|Person=2|Number=Plur,V;FIN;PASS;PRS;IPFV;SBJV;2;PL,,,VERB:Fin+Sub+Pres+-+Pass+2+Plur+-+-,noun,3886,140,1786,1948,12
prs.pass.sbjv.3.pl,VerbForm=Fin|Mood=Sub|Tense=Pres|Aspect=Imp|Voice=Pass|Person=3|Number=Plur,V;FIN;PASS;PRS;IPFV;SBJV;3;PL,,,VERB:Fin+Sub+Pres+-+Pass+3+Plur+-+-,noun,66564,5347,28538,27908,4771
iprf.pass.sbjv.1.sg,VerbForm=Fin|Mood=Sub|Tense=Past|Aspect=Imp|Voice=Pass|Person=1|Number=Sing,V;FIN;PASS;PST;IPFV;SBJV;1;SG,,,VERB:Fin+Sub+Imp+Imp+Pass+1+Sing+-+-,noun,2366,650,817,817,82
iprf.pass.sbjv.2.sg,VerbForm=Fin|Mood=Sub|Tense=Past|Aspect=Imp|Voice=Pass|Person=2|Number=Sing,V;FIN;PASS;PST;IPFV;SBJV;2;SG,,,VERB:Fin+Sub+Imp+Imp+Pass+2+Sing+-+-,noun,812,92,510,205,5
iprf.pass.sbjv.3.sg,VerbForm=Fin|Mood=Sub|Tense=Past|Aspect=Imp|Voice=Pass|Person=3|Number=Sing,V;FIN;PASS;PST;IPFV;SBJV;3;SG,,,VERB:Fin+Sub+Imp+Imp+Pass+3+Sing+-+-,noun,67843,7336,27026,32205,1276
iprf.pass.sbjv.1.pl,VerbForm=Fin|Mood=Sub|Tense=Past|Aspect=Imp|Voice=Pass|Person=1|Number=Plur,V;FIN;PASS;PST;IPFV;SBJV;1;PL,,,VERB:Fin+Sub+Imp+Imp+Pass+1+Plur+-+-,noun,2008,186,1023,729,70
iprf.pass.sbjv.2.pl,VerbForm=Fin|Mood=Sub|Tense=Past|Aspect=Imp|Voice=Pass|Person=2|Number=Plur,V;FIN;PASS;PST;IPFV;SBJV;2;PL,,,VERB:Fin+Sub+Imp+Imp+Pass+2+Plur+-+-,noun,275,21,143,110,1
iprf.pass.sbjv.3.pl,VerbForm=Fin|Mood=Sub|Tense=Past|Aspect=Imp|Voice=Pass|Person=3|Number=Plur,V;FIN;PASS;PST;IPFV;SBJV;3;PL,,,VERB:Fin+Sub+Imp+Imp+Pass+3+Plur+-+-,noun,23135,3748,9618,9188,581
prs.pass.imp.2.sg,VerbForm=Fin|Mood=Imp|Tense=Pres|Aspect=Imp|Voice=Pass|Person=2|Number=Sing,V;FIN;PASS;PRS;IPFV;IMP;2;SG,,,VERB:Fin+Imp+Pres+-+Pass+2+Sing+-+-,noun,711155,73917,267091,343793,26354
prs.pass.imp.2.pl,VerbForm=Fin|Mood=Imp|Tense=Pres|Aspect=Imp|Voice=Pass|Person=2|Number=Plur,V;FIN;PASS;PRS;IPFV;IMP;2;PL,,,VERB:Fin+Imp+Pres+-+Pass+2+Plur+-+-,noun,10309,578,4927,4671,133
fut.pass.imp.2.sg,VerbForm=Fin|Mood=Imp|Tense=Fut|Aspect=Imp|Voice=Pass|Person=2|Number=Sing,V;FIN;PASS;FUT;IPFV;IMP;2;SG,,,VERB:Fin+Imp+Fut+-+Pass+2+Sing+-+-,noun,31457,3574,13757,13733,393
fut.pass.imp.3.sg,VerbForm=Fin|Mood=Imp|Tense=Fut|Aspect=Imp|Voice=Pass|Person=3|Number=Sing,V;FIN;PASS;FUT;IPFV;IMP;3;SG,,,VERB:Fin+Imp+Fut+-+Pass+3+Sing+-+-,noun,31457,3574,13757,13733,393
fut.pass.imp.3.pl,VerbForm=Fin|Mood=Imp|Tense=Fut|Aspect=Imp|Voice=Pass|Person=3|Number=Plur,V;FIN;PASS;FUT;IPFV;IMP;3;SG,,,VERB:Fin+Imp+Fut+-+Pass+3+Plur+-+-,noun,28,1,14,2,11
prs.pass.inf,VerbForm=Inf|Aspect=Imp|Voice=Pass,V;NFIN;PASS;IPFV,,,VERB:Inf+-+Pres+-+Pass+-+-+-+-,noun,423335,50833,154079,197170,21253
ger.gen,VerbForm=Vnoun|Voice=Act|Number=Sing|Case=Gen,V.MSDR;ACT;GEN;SG,,,VERB:Ger+-+-+-+Act+-+Sing+Gen+-,noun,69651,8173,22562,33554,5362
ger.dat,VerbForm=Vnoun|Voice=Act|Number=Sing|Case=Dat,V.MSDR;ACT;DAT;SG,,,VERB:Ger+-+-+-+Act+-+Sing+Dat+-,noun,99466,5723,30888,59730,3125
ger.acc,VerbForm=Vnoun|Voice=Act|Number=Sing|Case=Acc,V.MSDR;ACT;ACC;SG,,,VERB:Ger+-+-+-+Act+-+Sing+Acc+-,noun,168883,11341,41058,110731,5753
ger.abl,VerbForm=Vnoun|Voice=Act|Number=Sing|Case=Abl,V.MSDR;ACT;ABL;SG,GER,,VERB:Ger+-+-+-+Act+-+Sing+Abl+-,noun,99466,5723,30888,59730,3125
gdv.nom.m.sg,VerbForm=Part|Aspect=Prosp|Voice=Pass|Number=Sing|Case=Nom|Gender=Masc,V.PTCP;NFIN;PASS;PROSP;NOM;MASC;SG,,,VERB:Gdv+-+-+-+Pass+-+Sing+Nom+Masc,noun,15686,1642,6168,7393,483
gdv.nom.f.sg,VerbForm=Part|Aspect=Prosp|Voice=Pass|Number=Sing|Case=Nom|Gender=Fem,V.PTCP;NFIN;PASS;PROSP;NOM;FEM;SG,,,VERB:Gdv+-+-+-+Pass+-+Sing+Nom+Fem,noun,56252,7106,21277,24790,3079
gdv.nom.n.sg,VerbForm=Part|Aspect=Prosp|Voice=Pass|Number=Sing|Case=Nom|Gender=Neut,V.PTCP;NFIN;PASS;PROSP;NOM;NEUT;SG,,,VERB:Gdv+-+-+-+Pass+-+Sing+Nom+Neut,noun,157202,10277,38720,102779,5426
gdv.gen.m.sg,VerbForm=Part|Aspect=Prosp|Voice=Pass|Number=Sing|Case=Gen|Gender=Masc,V.PTCP;NFIN;PASS;PROSP;GEN;MASC;SG,,,VERB:Gdv+-+-+-+Pass+-+Sing+Gen+Masc,noun,61297,7322,19833,29191,4951
gdv.gen.f.sg,VerbForm=Part|Aspect=Prosp|Voice=Pass|Number=Sing|Case=Gen|Gender=Fem,V.PTCP;NFIN;PASS;PROSP;GEN;FEM;SG,,,VERB:Gdv+-+-+-+Pass+-+Sing+Gen+Fem,noun,10644,1779,4277,3660,928
gdv.gen.n.sg,VerbForm=Part|Aspect=Prosp|Voice=Pass|Number=Sing|Case=Gen|Gender=Neut,V.PTCP;NFIN;PASS;PROSP;GEN;NEUT;SG,,,VERB:Gdv+-+-+-+Pass+-+Sing+Gen+Neut,noun,61297,7322,19833,29191,4951
gdv.dat.m.sg,VerbForm=Part|Aspect=Prosp|Voice=Pass|Number=Sing|Case=Dat|Gender=Masc,V.PTCP;NFIN;PASS;PROSP;DAT;MASC;SG,,,VERB:Gdv+-+-+-+Pass+-+Sing+Dat+Masc,noun,90305,5318,27603,54465,2919
gdv.dat.f.sg,VerbForm=Part|Aspect=Prosp|Voice=Pass|Number=Sing|Case=Dat|Gender=Fem,V.PTCP;NFIN;PASS;PROSP;DAT;FEM;SG,,,VERB:Gdv+-+-+-+Pass+-+Sing+Dat+Fem,noun,10644,1779,4277,3660,928
gdv.dat.n.sg,VerbForm=Part|Aspect=Prosp|Voice=Pass|Number=Sing|Case=Dat|Gender=Neut,V.PTCP;NFIN;PASS;PROSP;DAT;NEUT;SG,,,VERB:Gdv+-+-+-+Pass+-+Sing+Dat+Neut,noun,90305,5318,27603,54465,2919
gdv.acc.m.sg,VerbForm=Part|Aspect=Prosp|Voice=Pass|Number=Sing|Case=Acc|Gender=Masc,V.PTCP;NFIN;PASS;PROSP;ACC;MASC;SG,,,VERB:Gdv+-+-+-+Pass+-+Sing+Acc+Masc,noun,157202,10277,38720,102779,5426
gdv.acc.f.sg,VerbForm=Part|Aspect=Prosp|Voice=Pass|Number=Sing|Case=Acc|Gender=Fem,V.PTCP;NFIN;PASS;PROSP;ACC;FEM;SG,,,VERB:Gdv+-+-+-+Pass+-+Sing+Acc+Fem,noun,21882,2224,8277,9849,1532
gdv.acc.n.sg,VerbForm=Part|Aspect=Prosp|Voice=Pass|Number=Sing|Case=Acc|Gender=Neut,V.PTCP;NFIN;PASS;PROSP;ACC;NEUT;SG,,,VERB:Gdv+-+-+-+Pass+-+Sing+Acc+Neut,noun,169399,11363,41276,110990,5770
gdv.voc.m.sg,VerbForm=Part|Aspect=Prosp|Voice=Pass|Number=Sing|Case=Voc|Gender=Masc,V.PTCP;NFIN;PASS;PROSP;VOC;MASC;SG,,,VERB:Gdv+-+-+-+Pass+-+Sing+Voc+Masc,noun,1180,69,156,953,2
gdv.voc.f.sg,VerbForm=Part|Aspect=Prosp|Voice=Pass|Number=Sing|Case=Voc|Gender=Fem,V.PTCP;NFIN;PASS;PROSP;VOC;FEM;SG,,,VERB:Gdv+-+-+-+Pass+-+Sing+Voc+Fem,noun,56252,7106,21277,24790,3079
gdv.voc.n.sg,VerbForm=Part|Aspect=Prosp|Voice=Pass|Number=Sing|Case=Voc|Gender=Neut,V.PTCP;NFIN;PASS;PROSP;VOC;NEUT;SG,,,VERB:Gdv+-+-+-+Pass+-+Sing+Voc+Neut,noun,157202,10277,38720,102779,5426
gdv.abl.m.sg,VerbForm=Part|Aspect=Prosp|Voice=Pass|Number=Sing|Case=Abl|Gender=Masc,V.PTCP;NFIN;PASS;PROSP;ABL;MASC;SG,,,VERB:Gdv+-+-+-+Pass+-+Sing+Abl+Masc,noun,90305,5318,27603,54465,2919
gdv.abl.f.sg,VerbForm=Part|Aspect=Prosp|Voice=Pass|Number=Sing|Case=Abl|Gender=Fem,V.PTCP;NFIN;PASS;PROSP;ABL;FEM;SG,,,VERB:Gdv+-+-+-+Pass+-+Sing+Abl+Fem,noun,56252,7106,21277,24790,3079
gdv.abl.n.sg,VerbForm=Part|Aspect=Prosp|Voice=Pass|Number=Sing|Case=Abl|Gender=Neut,V.PTCP;NFIN;PASS;PROSP;ABL;NEUT;SG,,,VERB:Gdv+-+-+-+Pass+-+Sing+Abl+Neut,noun,90305,5318,27603,54465,2919
gdv.nom.m.pl,VerbForm=Part|Aspect=Prosp|Voice=Pass|Number=Plur|Case=Nom|Gender=Masc,V.PTCP;NFIN;PASS;PROSP;NOM;MASC;PL,,,VERB:Gdv+-+-+-+Pass+-+Plur+Nom+Masc,noun,61297,7322,19833,29191,4951
gdv.nom.f.pl,VerbForm=Part|Aspect=Prosp|Voice=Pass|Number=Plur|Case=Nom|Gender=Fem,V.PTCP;NFIN;PASS;PROSP;NOM;FEM;PL,,,VERB:Gdv+-+-+-+Pass+-+Plur+Nom+Fem,noun,10644,1779,4277,3660,928
gdv.nom.n.pl,VerbForm=Part|Aspect=Prosp|Voice=Pass|Number=Plur|Case=Nom|Gender=Neut,V.PTCP;NFIN;PASS;PROSP;NOM;NEUT;PL,,,VERB:Gdv+-+-+-+Pass+-+Plur+Nom+Neut,noun,56252,7106,21277,24790,3079
gdv.gen.m.pl,VerbForm=Part|Aspect=Prosp|Voice=Pass|Number=Plur|Case=Gen|Gender=Masc,V.PTCP;NFIN;PASS;PROSP;GEN;MASC;PL,,,VERB:Gdv+-+-+-+Pass+-+Plur+Gen+Masc,noun,1856,220,699,835,102
gdv.gen.f.pl,VerbForm=Part|Aspect=Prosp|Voice=Pass|Number=Plur|Case=Gen|Gender=Fem,V.PTCP;NFIN;PASS;PROSP;GEN;FEM;PL,,,VERB:Gdv+-+-+-+Pass+-+Plur+Gen+Fem,noun,1089,191,374,437,87
gdv.gen.n.pl,VerbForm=Part|Aspect=Prosp|Voice=Pass|Number=Plur|Case=Gen|Gender=Neut,V.PTCP;NFIN;PASS;PROSP;GEN;NEUT;PL,,,VERB:Gdv+-+-+-+Pass+-+Plur+Gen+Neut,noun,1856,220,699,835,102
gdv.dat.m.pl,VerbForm=Part|Aspect=Prosp|Voice=Pass|Number=Plur|Case=Dat|Gender=Masc,V.PTCP;NFIN;PASS;PROSP;DAT;MASC;PL,,,VERB:Gdv+-+-+-+Pass+-+Plur+Dat+Masc,noun,12851,1980,4611,5228,1032
gdv.dat.f.pl,VerbForm=Part|Aspect=Prosp|Voice=Pass|Number=Plur|Case=Dat|Gender=Fem,V.PTCP;NFIN;PASS;PROSP;DAT;FEM;PL,,,VERB:Gdv+-+-+-+Pass+-+Plur+Dat+Fem,noun,12851,1980,4611,5228,1032
gdv.dat.n.pl,VerbForm=Part|Aspect=Prosp|Voice=Pass|Number=Plur|Case=Dat|Gender=Neut,V.PTCP;NFIN;PASS;PROSP;DAT;NEUT;PL,,,VERB:Gdv+-+-+-+Pass+-+Plur+Dat+Neut,noun,12851,1980,4611,5228,1032
gdv.acc.m.pl,VerbForm=Part|Aspect=Prosp|Voice=Pass|Number=Plur|Case=Acc|Gender=Masc,V.PTCP;NFIN;PASS;PROSP;ACC;MASC;PL,,,VERB:Gdv+-+-+-+Pass+-+Plur+Acc+Masc,noun,8723,1224,4170,2929,400
gdv.acc.f.pl,VerbForm=Part|Aspect=Prosp|Voice=Pass|Number=Plur|Case=Acc|Gender=Fem,V.PTCP;NFIN;PASS;PROSP;ACC;FEM;PL,,,VERB:Gdv+-+-+-+Pass+-+Plur+Acc+Fem,noun,6341,847,2370,2508,616
gdv.acc.n.pl,VerbForm=Part|Aspect=Prosp|Voice=Pass|Number=Plur|Case=Acc|Gender=Neut,V.PTCP;NFIN;PASS;PROSP;ACC;NEUT;PL,,,VERB:Gdv+-+-+-+Pass+-+Plur+Acc+Neut,noun,56252,7106,21277,24790,3079
gdv.voc.m.pl,VerbForm=Part|Aspect=Prosp|Voice=Pass|Number=Plur|Case=Voc|Gender=Masc,V.PTCP;NFIN;PASS;PROSP;VOC;MASC;PL,,,VERB:Gdv+-+-+-+Pass+-+Plur+Voc+Masc,noun,61297,7322,19833,29191,4951
gdv.voc.f.pl,VerbForm=Part|Aspect=Prosp|Voice=Pass|Number=Plur|Case=Voc|Gender=Fem,V.PTCP;NFIN;PASS;PROSP;VOC;FEM;PL,,,VERB:Gdv+-+-+-+Pass+-+Plur+Voc+Fem,noun,10644,1779,4277,3660,928
gdv.voc.n.pl,VerbForm=Part|Aspect=Prosp|Voice=Pass|Number=Plur|Case=Voc|Gender=Neut,V.PTCP;NFIN;PASS;PROSP;VOC;NEUT;PL,,,VERB:Gdv+-+-+-+Pass+-+Plur+Voc+Neut,noun,56252,7106,21277,24790,3079
gdv.abl.m.pl,VerbForm=Part|Aspect=Prosp|Voice=Pass|Number=Plur|Case=Abl|Gender=Masc,V.PTCP;NFIN;PASS;PROSP;ABL;MASC;PL,,,VERB:Gdv+-+-+-+Pass+-+Plur+Abl+Masc,noun,12851,1980,4611,5228,1032
gdv.abl.f.pl,VerbForm=Part|Aspect=Prosp|Voice=Pass|Number=Plur|Case=Abl|Gender=Fem,V.PTCP;NFIN;PASS;PROSP;ABL;FEM;PL,,,VERB:Gdv+-+-+-+Pass+-+Plur+Abl+Fem,noun,12851,1980,4611,5228,1032
gdv.abl.n.pl,VerbForm=Part|Aspect=Prosp|Voice=Pass|Number=Plur|Case=Abl|Gender=Neut,V.PTCP;NFIN;PASS;PROSP;ABL;NEUT;PL,,,VERB:Gdv+-+-+-+Pass+-+Plur+Abl+Neut,noun,12851,1980,4611,5228,1032
prs.act.ptcp.nom.m.sg,VerbForm=Part|Aspect=Imp|Voice=Act|Number=Sing|Case=Nom|Gender=Masc,V.PTCP;NFIN;ACT;IPFV;NOM;MASC;SG,,,VERB:Part+-+Pres+-+Act+-+Sing+Nom+Masc,noun,346092,17085,109815,212292,6900
prs.act.ptcp.nom.f.sg,VerbForm=Part|Aspect=Imp|Voice=Act|Number=Sing|Case=Nom|Gender=Fem,V.PTCP;NFIN;ACT;IPFV;NOM;FEM;SG,,,VERB:Part+-+Pres+-+Act+-+Sing+Nom+Fem,noun,346092,17085,109815,212292,6900
prs.act.ptcp.nom.n.sg,VerbForm=Part|Aspect=Imp|Voice=Act|Number=Sing|Case=Nom|Gender=Neut,V.PTCP;NFIN;ACT;IPFV;NOM;NEUT;SG,,,VERB:Part+-+Pres+-+Act+-+Sing+Nom+Neut,noun,346092,17085,109815,212292,6900
prs.act.ptcp.gen.m.sg,VerbForm=Part|Aspect=Imp|Voice=Act|Number=Sing|Case=Gen|Gender=Masc,V.PTCP;NFIN;ACT;IPFV;GEN;MASC;SG,,,VERB:Part+-+Pres+-+Act+-+Sing+Gen+Masc,noun,58876,5529,19114,32312,1921
prs.act.ptcp.gen.f.sg,VerbForm=Part|Aspect=Imp|Voice=Act|Number=Sing|Case=Gen|Gender=Fem,V.PTCP;NFIN;ACT;IPFV;GEN;FEM;SG,,,VERB:Part+-+Pres+-+Act+-+Sing+Gen+Fem,noun,58876,5529,19114,32312,1921
prs.act.ptcp.gen.n.sg,VerbForm=Part|Aspect=Imp|Voice=Act|Number=Sing|Case=Gen|Gender=Neut,V.PTCP;NFIN;ACT;IPFV;GEN;NEUT;SG,,,VERB:Part+-+Pres+-+Act+-+Sing+Gen+Neut,noun,58876,5529,19114,32312,1921
prs.act.ptcp.dat.m.sg,VerbForm=Part|Aspect=Imp|Voice=Act|Number=Sing|Case=Dat|Gender=Masc,V.PTCP;NFIN;ACT;IPFV;DAT;MASC;SG,,,VERB:Part+-+Pres+-+Act+-+Sing+Dat+Masc,noun,41767,4920,13997,21637,1213
prs.act.ptcp.dat.f.sg,VerbForm=Part|Aspect=Imp|Voice=Act|Number=Sing|Case=Dat|Gender=Fem,V.PTCP;NFIN;ACT;IPFV;DAT;FEM;SG,,,VERB:Part+-+Pres+-+Act+-+Sing+Dat+Fem,noun,41767,4920,13997,21637,1213
prs.act.ptcp.dat.n.sg,VerbForm=Part|Aspect=Imp|Voice=Act|Number=Sing|Case=Dat|Gender=Neut,V.PTCP;NFIN;ACT;IPFV;DAT;NEUT;SG,,,VERB:Part+-+Pres+-+Act+-+Sing+Dat+Neut,noun,41767,4920,13997,21637,1213
prs.act.ptcp.acc.m.sg,VerbForm=Part|Aspect=Imp|Voice=Act|Number=Sing|Case=Acc|Gender=Masc,V.PTCP;NFIN;ACT;IPFV;ACC;MASC;SG,,,VERB:Part+-+Pres+-+Act+-+Sing+Acc+Masc,noun,76927,9122,28890,36780,2135
prs.act.ptcp.acc.f.sg,VerbForm=Part|Aspect=Imp|Voice=Act|Number=Sing|Case=Acc|Gender=Fem,V.PTCP;NFIN;ACT;IPFV;ACC;FEM;SG,,,VERB:Part+-+Pres+-+Act+-+Sing+Acc+Fem,noun,76927,9122,28890,36780,2135
prs.act.ptcp.acc.n.sg,VerbForm=Part|Aspect=Imp|Voice=Act|Number=Sing|Case=Acc|Gender=Neut,V.PTCP;NFIN;ACT;IPFV;ACC;NEUT;SG,,,VERB:Part+-+Pres+-+Act+-+Sing+Acc+Neut,noun,346092,17085,109815,212292,6900
prs.act.ptcp.voc.m.sg,VerbForm=Part|Aspect=Imp|Voice=Act|Number=Sing|Case=Voc|Gender=Masc,V.PTCP;NFIN;ACT;IPFV;VOC;MASC;SG,,,VERB:Part+-+Pres+-+Act+-+Sing+Voc+Masc,noun,346092,17085,109815,212292,6900
prs.act.ptcp.voc.f.sg,VerbForm=Part|Aspect=Imp|Voice=Act|Number=Sing|Case=Voc|Gender=Fem,V.PTCP;NFIN;ACT;IPFV;VOC;FEM;SG,,,VERB:Part+-+Pres+-+Act+-+Sing+Voc+Fem,noun,346092,17085,109815,212292,6900
prs.act.ptcp.voc.n.sg,VerbForm=Part|Aspect=Imp|Voice=Act|Number=Sing|Case=Voc|Gender=Neut,V.PTCP;NFIN;ACT;IPFV;VOC;NEUT;SG,,,VERB:Part+-+Pres+-+Act+-+Sing+Voc+Neut,noun,346092,17085,109815,212292,6900
prs.act.ptcp.abl.m.sg,VerbForm=Part|Aspect=Imp|Voice=Act|Number=Sing|Case=Abl|Gender=Masc,V.PTCP;NFIN;ACT;IPFV;ABL;MASC;SG,,,VERB:Part+-+Pres+-+Act+-+Sing+Abl+Masc,noun,89889,7240,32862,46943,2844
prs.act.ptcp.abl.f.sg,VerbForm=Part|Aspect=Imp|Voice=Act|Number=Sing|Case=Abl|Gender=Fem,V.PTCP;NFIN;ACT;IPFV;ABL;FEM;SG,,,VERB:Part+-+Pres+-+Act+-+Sing+Abl+Fem,noun,89889,7240,32862,46943,2844
prs.act.ptcp.abl.n.sg,VerbForm=Part|Aspect=Imp|Voice=Act|Number=Sing|Case=Abl|Gender=Neut,V.PTCP;NFIN;ACT;IPFV;ABL;NEUT;SG,,,VERB:Part+-+Pres+-+Act+-+Sing+Abl+Neut,noun,89889,7240,32862,46943,2844
prs.act.ptcp.nom.m.pl,VerbForm=Part|Aspect=Imp|Voice=Act|Number=Plur|Case=Nom|Gender=Masc,V.PTCP;NFIN;ACT;IPFV;NOM;MASC;PL,,,VERB:Part+-+Pres+-+Act+-+Plur+Nom+Masc,noun,158493,8005,63203,83492,3793
prs.act.ptcp.nom.f.pl,VerbForm=Part|Aspect=Imp|Voice=Act|Number=Plur|Case=Nom|Gender=Fem,V.PTCP;NFIN;ACT;IPFV;NOM;FEM;PL,,,VERB:Part+-+Pres+-+Act+-+Plur+Nom+Fem,noun,158493,8005,63203,83492,3793
prs.act.ptcp.nom.n.pl,VerbForm=Part|Aspect=Imp|Voice=Act|Number=Plur|Case=Nom|Gender=Neut,V.PTCP;NFIN;ACT;IPFV;NOM;NEUT;PL,,,VERB:Part+-+Pres+-+Act+-+Plur+Nom+Neut,noun,123760,6632,30944,80655,5529
prs.act.ptcp.gen.m.pl,VerbForm=Part|Aspect=Imp|Voice=Act|Number=Plur|Case=Gen|Gender=Masc,V.PTCP;NFIN;ACT;IPFV;GEN;MASC;PL,,,VERB:Part+-+Pres+-+Act+-+Plur+Gen+Masc,noun,40274,3035,14801,21138,1300
prs.act.ptcp.gen.f.pl,VerbForm=Part|Aspect=Imp|Voice=Act|Number=Plur|Case=Gen|Gender=Fem,V.PTCP;NFIN;ACT;IPFV;GEN;FEM;PL,,,VERB:Part+-+Pres+-+Act+-+Plur+Gen+Fem,noun,40274,3035,14801,21138,1300
prs.act.ptcp.gen.n.pl,VerbForm=Part|Aspect=Imp|Voice=Act|Number=Plur|Case=Gen|Gender=Neut,V.PTCP;NFIN;ACT;IPFV;GEN;NEUT;PL,,,VERB:Part+-+Pres+-+Act+-+Plur+Gen+Neut,noun,40274,3035,14801,21138,1300
prs.act.ptcp.dat.m.pl,VerbForm=Part|Aspect=Imp|Voice=Act|Number=Plur|Case=Dat|Gender=Masc,V.PTCP;NFIN;ACT;IPFV;DAT;MASC;PL,,,VERB:Part+-+Pres+-+Act+-+Plur+Dat+Masc,noun,79396,6887,30508,39833,2168
prs.act.ptcp.dat.f.pl,VerbForm=Part|Aspect=Imp|Voice=Act|Number=Plur|Case=Dat|Gender=Fem,V.PTCP;NFIN;ACT;IPFV;DAT;FEM;PL,,,VERB:Part+-+Pres+-+Act+-+Plur+Dat+Fem,noun,79396,6887,30508,39833,2168
prs.act.ptcp.dat.n.pl,VerbForm=Part|Aspect=Imp|Voice=Act|Number=Plur|Case=Dat|Gender=Neut,V.PTCP;NFIN;ACT;IPFV;DAT;NEUT;PL,,,VERB:Part+-+Pres+-+Act+-+Plur+Dat+Neut,noun,79396,6887,30508,39833,2168
prs.act.ptcp.acc.m.pl,VerbForm=Part|Aspect=Imp|Voice=Act|Number=Plur|Case=Acc|Gender=Masc,V.PTCP;NFIN;ACT;IPFV;ACC;MASC;PL,,,VERB:Part+-+Pres+-+Act+-+Plur+Acc+Masc,noun,158493,8005,63203,83492,3793
prs.act.ptcp.acc.f.pl,VerbForm=Part|Aspect=Imp|Voice=Act|Number=Plur|Case=Acc|Gender=Fem,V.PTCP;NFIN;ACT;IPFV;ACC;FEM;PL,,,VERB:Part+-+Pres+-+Act+-+Plur+Acc+Fem,noun,158493,8005,63203,83492,3793
prs.act.ptcp.acc.n.pl,VerbForm=Part|Aspect=Imp|Voice=Act|Number=Plur|Case=Acc|Gender=Neut,V.PTCP;NFIN;ACT;IPFV;ACC;NEUT;PL,,,VERB:Part+-+Pres+-+Act+-+Plur+Acc+Neut,noun,123760,6632,30944,80655,5529
prs.act.ptcp.voc.m.pl,VerbForm=Part|Aspect=Imp|Voice=Act|Number=Plur|Case=Voc|Gender=Masc,V.PTCP;NFIN;ACT;IPFV;VOC;MASC;PL,,,VERB:Part+-+Pres+-+Act+-+Plur+Voc+Masc,noun,158493,8005,63203,83492,3793
prs.act.ptcp.voc.f.pl,VerbForm=Part|Aspect=Imp|Voice=Act|Number=Plur|Case=Voc|Gender=Fem,V.PTCP;NFIN;ACT;IPFV;VOC;FEM;PL,,,VERB:Part+-+Pres+-+Act+-+Plur+Voc+Fem,noun,158493,8005,63203,83492,3793
prs.act.ptcp.voc.n.pl,VerbForm=Part|Aspect=Imp|Voice=Act|Number=Plur|Case=Voc|Gender=Neut,V.PTCP;NFIN;ACT;IPFV;VOC;NEUT;PL,,,VERB:Part+-+Pres+-+Act+-+Plur+Voc+Neut,noun,123760,6632,30944,80655,5529
prs.act.ptcp.abl.m.pl,VerbForm=Part|Aspect=Imp|Voice=Act|Number=Plur|Case=Abl|Gender=Masc,V.PTCP;NFIN;ACT;IPFV;ABL;MASC;PL,,,VERB:Part+-+Pres+-+Act+-+Plur+Abl+Masc,noun,79396,6887,30508,39833,2168
prs.act.ptcp.abl.f.pl,VerbForm=Part|Aspect=Imp|Voice=Act|Number=Plur|Case=Abl|Gender=Fem,V.PTCP;NFIN;ACT;IPFV;ABL;FEM;PL,,,VERB:Part+-+Pres+-+Act+-+Plur+Abl+Fem,noun,79396,6887,30508,39833,2168
prs.act.ptcp.abl.n.pl,VerbForm=Part|Aspect=Imp|Voice=Act|Number=Plur|Case=Abl|Gender=Neut,V.PTCP;NFIN;ACT;IPFV;ABL;NEUT;PL,,,VERB:Part+-+Pres+-+Act+-+Plur+Abl+Neut,noun,79396,6887,30508,39833,2168
prf.act.ind.1.sg,VerbForm=Fin|Mood=Ind|Tense=Past|Aspect=Perf|Voice=Act|Person=1|Number=Sing,V;FIN;ACT;PST;PFV;IND;1;SG,PRET~1SG,,VERB:Fin+Ind+Past+Perf+Act+1+Sing+-+-,noun,203068,25181,83433,89452,5002
prf.act.ind.2.sg,VerbForm=Fin|Mood=Ind|Tense=Past|Aspect=Perf|Voice=Act|Person=2|Number=Sing,V;FIN;ACT;PST;PFV;IND;2;SG,PRET~2SG,,VERB:Fin+Ind+Past+Perf+Act+2+Sing+-+-,noun,39150,4213,18828,15866,243
prf.act.ind.3.sg,VerbForm=Fin|Mood=Ind|Tense=Past|Aspect=Perf|Voice=Act|Person=3|Number=Sing,V;FIN;ACT;PST;PFV;IND;3;SG,PRET~3SG,,VERB:Fin+Ind+Past+Perf+Act+3+Sing+-+-,noun,912185,85583,356254,459498,10850
prf.act.ind.1.pl,VerbForm=Fin|Mood=Ind|Tense=Past|Aspect=Perf|Voice=Act|Person=1|Number=Plur,V;FIN;ACT;PST;PFV;IND;1;PL,PRET~1PL,,VERB:Fin+Ind+Past+Perf+Act+1+Plur+-+-,noun,71202,5387,34407,28313,3095
prf.act.ind.2.pl,VerbForm=Fin|Mood=Ind|Tense=Past|Aspect=Perf|Voice=Act|Person=2|Number=Plur,V;FIN;ACT;PST;PFV;IND;2;PL,PRET~2PL,,VERB:Fin+Ind+Past+Perf+Act+2+Plur+-+-,noun,14207,964,6876,6331,36
prf.act.ind.3.pl,VerbForm=Fin|Mood=Ind|Tense=Past|Aspect=Perf|Voice=Act|Person=3|Number=Plur,V;FIN;ACT;PST;PFV;IND;3;PL,PRET~3PL,,VERB:Fin+Ind+Past+Perf+Act+3+Plur+-+-,noun,164664,13166,69285,79860,2353
pprf.act.ind.1.sg,VerbForm=Fin|Mood=Ind|Tense=Pqp|Aspect=Perf|Voice=Act|Person=1|Number=Sing,V;FIN;ACT;PST;PRF;IND;1;SG,PLUP-IND~1SG,,VERB:Fin+Ind+Pqp+Perf+Act+1+Sing+-+-,noun,4882,1170,1972,1628,112
pprf.act.ind.2.sg,VerbForm=Fin|Mood=Ind|Tense=Pqp|Aspect=Perf|Voice=Act|Person=2|Number=Sing,V;FIN;ACT;PST;PRF;IND;2;SG,PLUP-IND~2SG,,VERB:Fin+Ind+Pqp+Perf+Act+2+Sing+-+-,noun,3032,571,1550,893,18
pprf.act.ind.3.sg,VerbForm=Fin|Mood=Ind|Tense=Pqp|Aspect=Perf|Voice=Act|Person=3|Number=Sing,V;FIN;ACT;PST;PRF;IND;3;SG,PLUP-IND~3SG,,VERB:Fin+Ind+Pqp+Perf+Act+3+Sing+-+-,noun,83290,10749,33149,38894,498
pprf.act.ind.1.pl,VerbForm=Fin|Mood=Ind|Tense=Pqp|Aspect=Perf|Voice=Act|Person=1|Number=Plur,V;FIN;ACT;PST;PRF;IND;1;PL,PLUP-IND~1PL,,VERB:Fin+Ind+Pqp+Perf+Act+1+Plur+-+-,noun,1565,129,810,588,38
pprf.act.ind.2.pl,VerbForm=Fin|Mood=Ind|Tense=Pqp|Aspect=Perf|Voice=Act|Person=2|Number=Plur,V;FIN;ACT;PST;PRF;IND;2;PL,PLUP-IND~2PL,,VERB:Fin+Ind+Pqp+Perf+Act+2+Plur+-+-,noun,470,33,212,220,5
pprf.act.ind.3.pl,VerbForm=Fin|Mood=Ind|Tense=Pqp|Aspect=Perf|Voice=Act|Person=3|Number=Plur,V;FIN;ACT;PST;PRF;IND;3;PL,PLUP-IND~3PL,,VERB:Fin+Ind+Pqp+Perf+Act+3+Plur+-+-,noun,27462,3606,10820,12777,259
fprf.act.ind.1.sg,VerbForm=Fin|Mood=Ind|Tense=Fut|Aspect=Perf|Voice=Act|Person=1|Number=Sing,V;FIN;ACT;FUT;PRF;IND;1;SG,FUT-PRF~1SG,,VERB:Fin+Ind+Fut+Perf+Act+1+Sing+-+-,noun,9744,1354,4684,3594,112
fprf.act.ind.2.sg,VerbForm=Fin|Mood=Ind|Tense=Fut|Aspect=Perf|Voice=Act|Person=2|Number=Sing,V;FIN;ACT;FUT;PRF;IND;2;SG,FUT-PRF~2SG,,VERB:Fin+Ind+Fut+Perf+Act+2+Sing+-+-,noun,29119,4344,13608,10531,636
fprf.act.ind.3.sg,VerbForm=Fin|Mood=Ind|Tense=Fut|Aspect=Perf|Voice=Act|Person=3|Number=Sing,V;FIN;ACT;FUT;PRF;IND;3;SG,FUT-PRF~3SG,,VERB:Fin+Ind+Fut+Perf+Act+3+Sing+-+-,noun,170915,12183,85682,69229,3821
fprf.act.ind.1.pl,VerbForm=Fin|Mood=Ind|Tense=Fut|Aspect=Perf|Voice=Act|Person=1|Number=Plur,V;FIN;ACT;FUT;PRF;IND;1;PL,FUT-PRF~1PL,,VERB:Fin+Ind+Fut+Perf+Act+1+Plur+-+-,noun,7484,593,4241,2350,300
fprf.act.ind.2.pl,VerbForm=Fin|Mood=Ind|Tense=Fut|Aspect=Perf|Voice=Act|Person=2|Number=Plur,V;FIN;ACT;FUT;PRF;IND;2;PL,FUT-PRF~2PL,,VERB:Fin+Ind+Fut+Perf+Act+2+Plur+-+-,noun,7855,298,3630,3893,34
fprf.act.ind.3.pl,VerbForm=Fin|Mood=Ind|Tense=Fut|Aspect=Perf|Voice=Act|Person=3|Number=Plur,V;FIN;ACT;FUT;PRF;IND;3;PL,FUT-PRF~3PL,,VERB:Fin+Ind+Fut+Perf+Act+3+Plur+-+-,noun,41372,3166,21654,14801,1751
prf.act.sbjv.1.sg,VerbForm=Fin|Mood=Sub|Tense=Pres|Aspect=Perf|Voice=Act|Person=1|Number=Sing,V;FIN;ACT;PST;PFV;SBJV;1;SG,PRF-SBJV~1SG,,VERB:Fin+Sub+Past+Perf+Act+1+Sing+-+-,noun,7280,1441,2784,2773,282
prf.act.sbjv.2.sg,VerbForm=Fin|Mood=Sub|Tense=Pres|Aspect=Perf|Voice=Act|Person=2|Number=Sing,V;FIN;ACT;PST;PFV;SBJV;2;SG,PRF-SBJV~2SG,,VERB:Fin+Sub+Past+Perf+Act+2+Sing+-+-,noun,29119,4344,13608,10531,636
prf.act.sbjv.3.sg,VerbForm=Fin|Mood=Sub|Tense=Pres|Aspect=Perf|Voice=Act|Person=3|Number=Sing,V;FIN;ACT;PST;PFV;SBJV;3;SG,PRF-SBJV~3SG,,VERB:Fin+Sub+Past+Perf+Act+3+Sing+-+-,noun,170915,12183,85682,69229,3821
prf.act.sbjv.1.pl,VerbForm=Fin|Mood=Sub|Tense=Pres|Aspect=Perf|Voice=Act|Person=1|Number=Plur,V;FIN;ACT;PST;PFV;SBJV;1;PL,PRF-SBJV~1PL,,VERB:Fin+Sub+Past+Perf+Act+1+Plur+-+-,noun,7484,593,4241,2350,300
prf.act.sbjv.2.pl,VerbForm=Fin|Mood=Sub|Tense=Pres|Aspect=Perf|Voice=Act|Person=2|Number=Plur,V;FIN;ACT;PST;PFV;SBJV;2;PL,PRF-SBJV~2PL,,VERB:Fin+Sub+Past+Perf+Act+2+Plur+-+-,noun,7855,298,3630,3893,34
prf.act.sbjv.3.pl,VerbForm=Fin|Mood=Sub|Tense=Pres|Aspect=Perf|Voice=Act|Person=3|Number=Plur,V;FIN;ACT;PST;PFV;SBJV;3;PL,PRF-SBJV~3PL,,VERB:Fin+Sub+Past+Perf+Act+3+Plur+-+-,noun,41372,3166,21654,14801,1751
pprf.act.sbjv.1.sg,VerbForm=Fin|Mood=Sub|Tense=Past|Aspect=Perf|Voice=Act|Person=1|Number=Sing,V;FIN;ACT;PST;PRF;SBJV;1;SG,PLUP-SBJV~1SG,,VERB:Fin+Sub+Pqp+Perf+Act+1+Sing+-+-,noun,3747,1169,1252,1250,76
pprf.act.sbjv.2.sg,VerbForm=Fin|Mood=Sub|Tense=Past|Aspect=Perf|Voice=Act|Person=2|Number=Sing,V;FIN;ACT;PST;PRF;SBJV;2;SG,PLUP-SBJV~2SG,,VERB:Fin+Sub+Pqp+Perf+Act+2+Sing+-+-,noun,2277,707,987,566,17
pprf.act.sbjv.3.sg,VerbForm=Fin|Mood=Sub|Tense=Past|Aspect=Perf|Voice=Act|Person=3|Number=Sing,V;FIN;ACT;PST;PRF;SBJV;3;SG,PLUP-SBJV~3SG,,VERB:Fin+Sub+Pqp+Perf+Act+3+Sing+-+-,noun,50071,9534,19991,19843,703
pprf.act.sbjv.1.pl,VerbForm=Fin|Mood=Sub|Tense=Past|Aspect=Perf|Voice=Act|Person=1|Number=Plur,V;FIN;ACT;PST;PRF;SBJV;1;PL,PLUP-SBJV~1PL,,VERB:Fin+Sub+Pqp+Perf+Act+1+Plur+-+-,noun,1018,173,466,346,33
pprf.act.sbjv.2.pl,VerbForm=Fin|Mood=Sub|Tense=Past|Aspect=Perf|Voice=Act|Person=2|Number=Plur,V;FIN;ACT;PST;PRF;SBJV;2;PL,PLUP-SBJV~2PL,,VERB:Fin+Sub+Pqp+Perf+Act+2+Plur+-+-,noun,432,59,166,205,2
pprf.act.sbjv.3.pl,VerbForm=Fin|Mood=Sub|Tense=Past|Aspect=Perf|Voice=Act|Person=3|Number=Plur,V;FIN;ACT;PST;PRF;SBJV;3;PL,PLUP-SBJV~3PL,,VERB:Fin+Sub+Pqp+Perf+Act+3+Plur+-+-,noun,13943,3205,5265,5206,267
prf.act.inf,VerbForm=Inf|Aspect=Perf|Voice=Act,V;NFIN;ACT;PFV,,,VERB:Inf+-+Past+Perf+Act+-+-+-+-,noun,94610,16527,42638,32848,2597
sup.acc,VerbForm=Vnoun|Aspect=Prosp|Voice=Act|Case=Acc|Number=Sing,V.MSDR;ACT;PROSP;ACC;SG,,,VERB:Sup+-+-+-+Act+-+-+Acc+-,noun,591907,50305,198546,323267,19789
sup.abl,VerbForm=Vnoun|Aspect=Prosp|Voice=Pass|Case=Abl|Number=Sing,V.MSDR;PASS;PROSP;ABL;SG,,,VERB:Sup+-+-+-+Pass+-+-+Abl+-,noun,156341,17168,41767,88748,8658
prf.pass.ptcp.nom.m.sg,VerbForm=Part|Aspect=Perf|Voice=Pass|Number=Sing|Case=Nom|Gender=Masc,V.PTCP;NFIN;PASS;PFV;NOM;MASC;SG,PST-PTCP~SG~NOM~M,,VERB:Part+-+Past+Perf+Pass+-+Sing+Nom+Masc,noun,590512,54858,204155,314605,16894
prf.pass.ptcp.nom.f.sg,VerbForm=Part|Aspect=Perf|Voice=Pass|Number=Sing|Case=Nom|Gender=Fem,V.PTCP;NFIN;PASS;PFV;NOM;FEM;SG,PST-PTCP~SG~NOM~F,,VERB:Part+-+Past+Perf+Pass+-+Sing+Nom+Fem,noun,495332,60198,179157,237488,18489
prf.pass.ptcp.nom.n.sg,VerbForm=Part|Aspect=Perf|Voice=Pass|Number=Sing|Case=Nom|Gender=Neut,V.PTCP;NFIN;PASS;PFV;NOM;NEUT;SG,PST-PTCP~SG~NOM~N,,VERB:Part+-+Past+Perf+Pass+-+Sing+Nom+Neut,noun,579094,48693,193954,317011,19436
prf.pass.ptcp.gen.m.sg,VerbForm=Part|Aspect=Perf|Voice=Pass|Number=Sing|Case=Gen|Gender=Masc,V.PTCP;NFIN;PASS;PFV;GEN;MASC;SG,,,VERB:Part+-+Past+Perf+Pass+-+Sing+Gen+Masc,noun,264970,23331,98750,136331,6558
prf.pass.ptcp.gen.f.sg,VerbForm=Part|Aspect=Perf|Voice=Pass|Number=Sing|Case=Gen|Gender=Fem,V.PTCP;NFIN;PASS;PFV;GEN;FEM;SG,,,VERB:Part+-+Past+Perf+Pass+-+Sing+Gen+Fem,noun,77571,9558,26001,37089,4923
prf.pass.ptcp.gen.n.sg,VerbForm=Part|Aspect=Perf|Voice=Pass|Number=Sing|Case=Gen|Gender=Neut,V.PTCP;NFIN;PASS;PFV;GEN;NEUT;SG,,,VERB:Part+-+Past+Perf+Pass+-+Sing+Gen+Neut,noun,264970,23331,98750,136331,6558
prf.pass.ptcp.dat.m.sg,VerbForm=Part|Aspect=Perf|Voice=Pass|Number=Sing|Case=Dat|Gender=Masc,V.PTCP;NFIN;PASS;PFV;DAT;MASC;SG,,,VERB:Part+-+Past+Perf+Pass+-+Sing+Dat+Masc,noun,233270,26427,75346,123335,8162
prf.pass.ptcp.dat.f.sg,VerbForm=Part|Aspect=Perf|Voice=Pass|Number=Sing|Case=Dat|Gender=Fem,V.PTCP;NFIN;PASS;PFV;DAT;FEM;SG,,,VERB:Part+-+Past+Perf+Pass+-+Sing+Dat+Fem,noun,77571,9558,26001,37089,4923
prf.pass.ptcp.dat.n.sg,VerbForm=Part|Aspect=Perf|Voice=Pass|Number=Sing|Case=Dat|Gender=Neut,V.PTCP;NFIN;PASS;PFV;DAT;NEUT;SG,,,VERB:Part+-+Past+Perf+Pass+-+Sing+Dat+Neut,noun,233270,26427,75346,123335,8162
prf.pass.ptcp.acc.m.sg,VerbForm=Part|Aspect=Perf|Voice=Pass|Number=Sing|Case=Acc|Gender=Masc,V.PTCP;NFIN;PASS;PFV;ACC;MASC;SG,PST-PTCP~SG~ACC~M,,VERB:Part+-+Past+Perf+Pass+-+Sing+Acc+Masc,noun,579094,48693,193954,317011,19436
prf.pass.ptcp.acc.f.sg,VerbForm=Part|Aspect=Perf|Voice=Pass|Number=Sing|Case=Acc|Gender=Fem,V.PTCP;NFIN;PASS;PFV;ACC;FEM;SG,PST-PTCP~SG~ACC~F,,VERB:Part+-+Past+Perf+Pass+-+Sing+Acc+Fem,noun,78911,8956,25982,39928,4045
prf.pass.ptcp.acc.n.sg,VerbForm=Part|Aspect=Perf|Voice=Pass|Number=Sing|Case=Acc|Gender=Neut,V.PTCP;NFIN;PASS;PFV;ACC;NEUT;SG,PST-PTCP~SG~ACC~N,,VERB:Part+-+Past+Perf+Pass+-+Sing+Acc+Neut,noun,579094,48693,193954,317011,19436
prf.pass.ptcp.voc.m.sg,VerbForm=Part|Aspect=Perf|Voice=Pass|Number=Sing|Case=Voc|Gender=Masc,V.PTCP;NFIN;PASS;PFV;VOC;MASC;SG,,,VERB:Part+-+Past+Perf+Pass+-+Sing+Voc+Masc,noun,123414,9839,40062,68242,5271
prf.pass.ptcp.voc.f.sg,VerbForm=Part|Aspect=Perf|Voice=Pass|Number=Sing|Case=Voc|Gender=Fem,V.PTCP;NFIN;PASS;PFV;VOC;FEM;SG,,,VERB:Part+-+Past+Perf+Pass+-+Sing+Voc+Fem,noun,495332,60198,179157,237488,18489
prf.pass.ptcp.voc.n.sg,VerbForm=Part|Aspect=Perf|Voice=Pass|Number=Sing|Case=Voc|Gender=Neut,V.PTCP;NFIN;PASS;PFV;VOC;NEUT;SG,,,VERB:Part+-+Past+Perf+Pass+-+Sing+Voc+Neut,noun,579094,48693,193954,317011,19436
prf.pass.ptcp.abl.m.sg,VerbForm=Part|Aspect=Perf|Voice=Pass|Number=Sing|Case=Abl|Gender=Masc,V.PTCP;NFIN;PASS;PFV;ABL;MASC;SG,,,VERB:Part+-+Past+Perf+Pass+-+Sing+Abl+Masc,noun,233270,26427,75346,123335,8162
prf.pass.ptcp.abl.f.sg,VerbForm=Part|Aspect=Perf|Voice=Pass|Number=Sing|Case=Abl|Gender=Fem,V.PTCP;NFIN;PASS;PFV;ABL;FEM;SG,,,VERB:Part+-+Past+Perf+Pass+-+Sing+Abl+Fem,noun,495332,60198,179157,237488,18489
prf.pass.ptcp.abl.n.sg,VerbForm=Part|Aspect=Perf|Voice=Pass|Number=Sing|Case=Abl|Gender=Neut,V.PTCP;NFIN;PASS;PFV;ABL;NEUT;SG,,,VERB:Part+-+Past+Perf+Pass+-+Sing+Abl+Neut,noun,233270,26427,75346,123335,8162
prf.pass.ptcp.nom.m.pl,VerbForm=Part|Aspect=Perf|Voice=Pass|Number=Plur|Case=Nom|Gender=Masc,V.PTCP;NFIN;PASS;PFV;NOM;MASC;PL,PST-PTCP~PL~NOM~M,,VERB:Part+-+Past+Perf+Pass+-+Plur+Nom+Masc,noun,264970,23331,98750,136331,6558
prf.pass.ptcp.nom.f.pl,VerbForm=Part|Aspect=Perf|Voice=Pass|Number=Plur|Case=Nom|Gender=Fem,V.PTCP;NFIN;PASS;PFV;NOM;FEM;PL,PST-PTCP~PL~NOM~F,,VERB:Part+-+Past+Perf+Pass+-+Plur+Nom+Fem,noun,77571,9558,26001,37089,4923
prf.pass.ptcp.nom.n.pl,VerbForm=Part|Aspect=Perf|Voice=Pass|Number=Plur|Case=Nom|Gender=Neut,V.PTCP;NFIN;PASS;PFV;NOM;NEUT;PL,PST-PTCP~PL~NOM~N,,VERB:Part+-+Past+Perf+Pass+-+Plur+Nom+Neut,noun,495332,60198,179157,237488,18489
prf.pass.ptcp.gen.m.pl,VerbForm=Part|Aspect=Perf|Voice=Pass|Number=Plur|Case=Gen|Gender=Masc,V.PTCP;NFIN;PASS;PFV;GEN;MASC;PL,,,VERB:Part+-+Past+Perf+Pass+-+Plur+Gen+Masc,noun,73177,3086,27348,40954,1789
prf.pass.ptcp.gen.f.pl,VerbForm=Part|Aspect=Perf|Voice=Pass|Number=Plur|Case=Gen|Gender=Fem,V.PTCP;NFIN;PASS;PFV;GEN;FEM;PL,,,VERB:Part+-+Past+Perf+Pass+-+Plur+Gen+Fem,noun,8745,650,2816,4613,666
prf.pass.ptcp.gen.n.pl,VerbForm=Part|Aspect=Perf|Voice=Pass|Number=Plur|Case=Gen|Gender=Neut,V.PTCP;NFIN;PASS;PFV;GEN;NEUT;PL,,,VERB:Part+-+Past+Perf+Pass+-+Plur+Gen+Neut,noun,73177,3086,27348,40954,1789
prf.pass.ptcp.dat.m.pl,VerbForm=Part|Aspect=Perf|Voice=Pass|Number=Plur|Case=Dat|Gender=Masc,V.PTCP;NFIN;PASS;PFV;DAT;MASC;PL,,,VERB:Part+-+Past+Perf+Pass+-+Plur+Dat+Masc,noun,219833,29303,76284,104597,9649
prf.pass.ptcp.dat.f.pl,VerbForm=Part|Aspect=Perf|Voice=Pass|Number=Plur|Case=Dat|Gender=Fem,V.PTCP;NFIN;PASS;PFV;DAT;FEM;PL,,,VERB:Part+-+Past+Perf+Pass+-+Plur+Dat+Fem,noun,219833,29303,76284,104597,9649
prf.pass.ptcp.dat.n.pl,VerbForm=Part|Aspect=Perf|Voice=Pass|Number=Plur|Case=Dat|Gender=Neut,V.PTCP;NFIN;PASS;PFV;DAT;NEUT;PL,,,VERB:Part+-+Past+Perf+Pass+-+Plur+Dat+Neut,noun,219833,29303,76284,104597,9649
prf.pass.ptcp.acc.m.pl,VerbForm=Part|Aspect=Perf|Voice=Pass|Number=Plur|Case=Acc|Gender=Masc,V.PTCP;NFIN;PASS;PFV;ACC;MASC;PL,PST-PTCP~PL~ACC~M,,VERB:Part+-+Past+Perf+Pass+-+Plur+Acc+Masc,noun,56861,9390,22788,23160,1523
prf.pass.ptcp.acc.f.pl,VerbForm=Part|Aspect=Perf|Voice=Pass|Number=Plur|Case=Acc|Gender=Fem,V.PTCP;NFIN;PASS;PFV;ACC;FEM;PL,PST-PTCP~PL~ACC~F,,VERB:Part+-+Past+Perf+Pass+-+Plur+Acc+Fem,noun,59021,5788,19175,31232,2826
prf.pass.ptcp.acc.n.pl,VerbForm=Part|Aspect=Perf|Voice=Pass|Number=Plur|Case=Acc|Gender=Neut,V.PTCP;NFIN;PASS;PFV;ACC;NEUT;PL,PST-PTCP~PL~ACC~N,,VERB:Part+-+Past+Perf+Pass+-+Plur+Acc+Neut,noun,495332,60198,179157,237488,18489
prf.pass.ptcp.voc.m.pl,VerbForm=Part|Aspect=Perf|Voice=Pass|Number=Plur|Case=Voc|Gender=Masc,V.PTCP;NFIN;PASS;PFV;VOC;MASC;PL,,,VERB:Part+-+Past+Perf+Pass+-+Plur+Voc+Masc,noun,264970,23331,98750,136331,6558
prf.pass.ptcp.voc.f.pl,VerbForm=Part|Aspect=Perf|Voice=Pass|Number=Plur|Case=Voc|Gender=Fem,V.PTCP;NFIN;PASS;PFV;VOC;FEM;PL,,,VERB:Part+-+Past+Perf+Pass+-+Plur+Voc+Fem,noun,77571,9558,26001,37089,4923
prf.pass.ptcp.voc.n.pl,VerbForm=Part|Aspect=Perf|Voice=Pass|Number=Plur|Case=Voc|Gender=Neut,V.PTCP;NFIN;PASS;PFV;VOC;NEUT;PL,,,VERB:Part+-+Past+Perf+Pass+-+Plur+Voc+Neut,noun,495332,60198,179157,237488,18489
prf.pass.ptcp.abl.m.pl,VerbForm=Part|Aspect=Perf|Voice=Pass|Number=Plur|Case=Abl|Gender=Masc,V.PTCP;NFIN;PASS;PFV;ABL;MASC;PL,,,VERB:Part+-+Past+Perf+Pass+-+Plur+Abl+Masc,noun,219833,29303,76284,104597,9649
prf.pass.ptcp.abl.f.pl,VerbForm=Part|Aspect=Perf|Voice=Pass|Number=Plur|Case=Abl|Gender=Fem,V.PTCP;NFIN;PASS;PFV;ABL;FEM;PL,,,VERB:Part+-+Past+Perf+Pass+-+Plur+Abl+Fem,noun,219833,29303,76284,104597,9649
prf.pass.ptcp.abl.n.pl,VerbForm=Part|Aspect=Perf|Voice=Pass|Number=Plur|Case=Abl|Gender=Neut,V.PTCP;NFIN;PASS;PFV;ABL;NEUT;PL,,,VERB:Part+-+Past+Perf+Pass+-+Plur+Abl+Neut,noun,219833,29303,76284,104597,9649
fut.act.ptcp.nom.m.sg,VerbForm=Part|Aspect=Prosp|Voice=Act|Number=Sing|Case=Nom|Gender=Masc,V.PTCP;NFIN;ACT;PROSP;NOM;MASC;SG,,,VERB:Part+-+Fut+-+Act+-+Sing+Nom+Masc,noun,23152,2502,10685,9563,402
fut.act.ptcp.nom.f.sg,VerbForm=Part|Aspect=Prosp|Voice=Act|Number=Sing|Case=Nom|Gender=Fem,V.PTCP;NFIN;ACT;PROSP;NOM;FEM;SG,,,VERB:Part+-+Fut+-+Act+-+Sing+Nom+Fem,noun,48219,3414,19101,24501,1203
fut.act.ptcp.nom.n.sg,VerbForm=Part|Aspect=Prosp|Voice=Act|Number=Sing|Case=Nom|Gender=Neut,V.PTCP;NFIN;ACT;PROSP;NOM;NEUT;SG,,,VERB:Part+-+Fut+-+Act+-+Sing+Nom+Neut,noun,22256,4495,8925,8360,476
fut.act.ptcp.gen.m.sg,VerbForm=Part|Aspect=Prosp|Voice=Act|Number=Sing|Case=Gen|Gender=Masc,V.PTCP;NFIN;ACT;PROSP;GEN;MASC;SG,,,VERB:Part+-+Fut+-+Act+-+Sing+Gen+Masc,noun,12673,1169,5729,5393,382
fut.act.ptcp.gen.f.sg,VerbForm=Part|Aspect=Prosp|Voice=Act|Number=Sing|Case=Gen|Gender=Fem,V.PTCP;NFIN;ACT;PROSP;GEN;FEM;SG,,,VERB:Part+-+Fut+-+Act+-+Sing+Gen+Fem,noun,17885,927,6632,9664,662
fut.act.ptcp.gen.n.sg,VerbForm=Part|Aspect=Prosp|Voice=Act|Number=Sing|Case=Gen|Gender=Neut,V.PTCP;NFIN;ACT;PROSP;GEN;NEUT;SG,,,VERB:Part+-+Fut+-+Act+-+Sing+Gen+Neut,noun,12673,1169,5729,5393,382
fut.act.ptcp.dat.m.sg,VerbForm=Part|Aspect=Prosp|Voice=Act|Number=Sing|Case=Dat|Gender=Masc,V.PTCP;NFIN;ACT;PROSP;DAT;MASC;SG,,,VERB:Part+-+Fut+-+Act+-+Sing+Dat+Masc,noun,5906,222,2301,3285,98
fut.act.ptcp.dat.f.sg,VerbForm=Part|Aspect=Prosp|Voice=Act|Number=Sing|Case=Dat|Gender=Fem,V.PTCP;NFIN;ACT;PROSP;DAT;FEM;SG,,,VERB:Part+-+Fut+-+Act+-+Sing+Dat+Fem,noun,17885,927,6632,9664,662
fut.act.ptcp.dat.n.sg,VerbForm=Part|Aspect=Prosp|Voice=Act|Number=Sing|Case=Dat|Gender=Neut,V.PTCP;NFIN;ACT;PROSP;DAT;NEUT;SG,,,VERB:Part+-+Fut+-+Act+-+Sing+Dat+Neut,noun,5906,222,2301,3285,98
fut.act.ptcp.acc.m.sg,VerbForm=Part|Aspect=Prosp|Voice=Act|Number=Sing|Case=Acc|Gender=Masc,V.PTCP;NFIN;ACT;PROSP;ACC;MASC;SG,,,VERB:Part+-+Fut+-+Act+-+Sing+Acc+Masc,noun,22256,4495,8925,8360,476
fut.act.ptcp.acc.f.sg,VerbForm=Part|Aspect=Prosp|Voice=Act|Number=Sing|Case=Acc|Gender=Fem,V.PTCP;NFIN;ACT;PROSP;ACC;FEM;SG,,,VERB:Part+-+Fut+-+Act+-+Sing+Acc+Fem,noun,18928,1322,7141,9825,640
fut.act.ptcp.acc.n.sg,VerbForm=Part|Aspect=Prosp|Voice=Act|Number=Sing|Case=Acc|Gender=Neut,V.PTCP;NFIN;ACT;PROSP;ACC;NEUT;SG,,,VERB:Part+-+Fut+-+Act+-+Sing+Acc+Neut,noun,22256,4495,8925,8360,476
fut.act.ptcp.voc.m.sg,VerbForm=Part|Aspect=Prosp|Voice=Act|Number=Sing|Case=Voc|Gender=Masc,V.PTCP;NFIN;ACT;PROSP;VOC;MASC;SG,,,VERB:Part+-+Fut+-+Act+-+Sing+Voc+Masc,noun,1662,53,47,1562,0
fut.act.ptcp.voc.f.sg,VerbForm=Part|Aspect=Prosp|Voice=Act|Number=Sing|Case=Voc|Gender=Fem,V.PTCP;NFIN;ACT;PROSP;VOC;FEM;SG,,,VERB:Part+-+Fut+-+Act+-+Sing+Voc+Fem,noun,48219,3414,19101,24501,1203
fut.act.ptcp.voc.n.sg,VerbForm=Part|Aspect=Prosp|Voice=Act|Number=Sing|Case=Voc|Gender=Neut,V.PTCP;NFIN;ACT;PROSP;VOC;NEUT;SG,,,VERB:Part+-+Fut+-+Act+-+Sing+Voc+Neut,noun,22256,4495,8925,8360,476
fut.act.ptcp.abl.m.sg,VerbForm=Part|Aspect=Prosp|Voice=Act|Number=Sing|Case=Abl|Gender=Masc,V.PTCP;NFIN;ACT;PROSP;ABL;MASC;SG,,,VERB:Part+-+Fut+-+Act+-+Sing+Abl+Masc,noun,5906,222,2301,3285,98
fut.act.ptcp.abl.f.sg,VerbForm=Part|Aspect=Prosp|Voice=Act|Number=Sing|Case=Abl|Gender=Fem,V.PTCP;NFIN;ACT;PROSP;ABL;FEM;SG,,,VERB:Part+-+Fut+-+Act+-+Sing+Abl+Fem,noun,48219,3414,19101,24501,1203
fut.act.ptcp.abl.n.sg,VerbForm=Part|Aspect=Prosp|Voice=Act|Number=Sing|Case=Abl|Gender=Neut,V.PTCP;NFIN;ACT;PROSP;ABL;NEUT;SG,,,VERB:Part+-+Fut+-+Act+-+Sing+Abl+Neut,noun,5906,222,2301,3285,98
fut.act.ptcp.nom.m.pl,VerbForm=Part|Aspect=Prosp|Voice=Act|Number=Plur|Case=Nom|Gender=Masc,V.PTCP;NFIN;ACT;PROSP;NOM;MASC;PL,,,VERB:Part+-+Fut+-+Act+-+Plur+Nom+Masc,noun,12673,1169,5729,5393,382
fut.act.ptcp.nom.f.pl,VerbForm=Part|Aspect=Prosp|Voice=Act|Number=Plur|Case=Nom|Gender=Fem,V.PTCP;NFIN;ACT;PROSP;NOM;FEM;PL,,,VERB:Part+-+Fut+-+Act+-+Plur+Nom+Fem,noun,17885,927,6632,9664,662
fut.act.ptcp.nom.n.pl,VerbForm=Part|Aspect=Prosp|Voice=Act|Number=Plur|Case=Nom|Gender=Neut,V.PTCP;NFIN;ACT;PROSP;NOM;NEUT;PL,,,VERB:Part+-+Fut+-+Act+-+Plur+Nom+Neut,noun,48219,3414,19101,24501,1203
fut.act.ptcp.gen.m.pl,VerbForm=Part|Aspect=Prosp|Voice=Act|Number=Plur|Case=Gen|Gender=Masc,V.PTCP;NFIN;ACT;PROSP;GEN;MASC;PL,,,VERB:Part+-+Fut+-+Act+-+Plur+Gen+Masc,noun,2125,39,874,1197,15
fut.act.ptcp.gen.f.pl,VerbForm=Part|Aspect=Prosp|Voice=Act|Number=Plur|Case=Gen|Gender=Fem,V.PTCP;NFIN;ACT;PROSP;GEN;FEM;PL,,,VERB:Part+-+Fut+-+Act+-+Plur+Gen+Fem,noun,6707,80,2967,3521,139
fut.act.ptcp.gen.n.pl,VerbForm=Part|Aspect=Prosp|Voice=Act|Number=Plur|Case=Gen|Gender=Neut,V.PTCP;NFIN;ACT;PROSP;GEN;NEUT;PL,,,VERB:Part+-+Fut+-+Act+-+Plur+Gen+Neut,noun,2125,39,874,1197,15
fut.act.ptcp.dat.m.pl,VerbForm=Part|Aspect=Prosp|Voice=Act|Number=Plur|Case=Dat|Gender=Masc,V.PTCP;NFIN;ACT;PROSP;DAT;MASC;PL,,,VERB:Part+-+Fut+-+Act+-+Plur+Dat+Masc,noun,11535,495,4715,6010,315
fut.act.ptcp.dat.f.pl,VerbForm=Part|Aspect=Prosp|Voice=Act|Number=Plur|Case=Dat|Gender=Fem,V.PTCP;NFIN;ACT;PROSP;DAT;FEM;PL,,,VERB:Part+-+Fut+-+Act+-+Plur+Dat+Fem,noun,11535,495,4715,6010,315
fut.act.ptcp.dat.n.pl,VerbForm=Part|Aspect=Prosp|Voice=Act|Number=Plur|Case=Dat|Gender=Neut,V.PTCP;NFIN;ACT;PROSP;DAT;NEUT;PL,,,VERB:Part+-+Fut+-+Act+-+Plur+Dat+Neut,noun,11535,495,4715,6010,315
fut.act.ptcp.acc.m.pl,VerbForm=Part|Aspect=Prosp|Voice=Act|Number=Plur|Case=Acc|Gender=Masc,V.PTCP;NFIN;ACT;PROSP;ACC;MASC;PL,,,VERB:Part+-+Fut+-+Act+-+Plur+Acc+Masc,noun,5963,1501,2624,1714,124
fut.act.ptcp.acc.f.pl,VerbForm=Part|Aspect=Prosp|Voice=Act|Number=Plur|Case=Acc|Gender=Fem,V.PTCP;NFIN;ACT;PROSP;ACC;FEM;PL,,,VERB:Part+-+Fut+-+Act+-+Plur+Acc+Fem,noun,7477,396,3102,3738,241
fut.act.ptcp.acc.n.pl,VerbForm=Part|Aspect=Prosp|Voice=Act|Number=Plur|Case=Acc|Gender=Neut,V.PTCP;NFIN;ACT;PROSP;ACC;NEUT;PL,,,VERB:Part+-+Fut+-+Act+-+Plur+Acc+Neut,noun,48219,3414,19101,24501,1203
fut.act.ptcp.voc.m.pl,VerbForm=Part|Aspect=Prosp|Voice=Act|Number=Plur|Case=Voc|Gender=Masc,V.PTCP;NFIN;ACT;PROSP;VOC;MASC;PL,,,VERB:Part+-+Fut+-+Act+-+Plur+Voc+Masc,noun,12673,1169,5729,5393,382
fut.act.ptcp.voc.f.pl,VerbForm=Part|Aspect=Prosp|Voice=Act|Number=Plur|Case=Voc|Gender=Fem,V.PTCP;NFIN;ACT;PROSP;VOC;FEM;PL,,,VERB:Part+-+Fut+-+Act+-+Plur+Voc+Fem,noun,17885,927,6632,9664,662
fut.act.ptcp.voc.n.pl,VerbForm=Part|Aspect=Prosp|Voice=Act|Number=Plur|Case=Voc|Gender=Neut,V.PTCP;NFIN;ACT;PROSP;VOC;NEUT;PL,,,VERB:Part+-+Fut+-+Act+-+Plur+Voc+Neut,noun,48219,3414,19101,24501,1203
fut.act.ptcp.abl.m.pl,VerbForm=Part|Aspect=Prosp|Voice=Act|Number=Plur|Case=Abl|Gender=Masc,V.PTCP;NFIN;ACT;PROSP;ABL;MASC;PL,,,VERB:Part+-+Fut+-+Act+-+Plur+Abl+Masc,noun,11535,495,4715,6010,315
fut.act.ptcp.abl.f.pl,VerbForm=Part|Aspect=Prosp|Voice=Act|Number=Plur|Case=Abl|Gender=Fem,V.PTCP;NFIN;ACT;PROSP;ABL;FEM;PL,,,VERB:Part+-+Fut+-+Act+-+Plur+Abl+Fem,noun,11535,495,4715,6010,315
fut.act.ptcp.abl.n.pl,VerbForm=Part|Aspect=Prosp|Voice=Act|Number=Plur|Case=Abl|Gender=Neut,V.PTCP;NFIN;ACT;PROSP;ABL;NEUT;PL,,,VERB:Part+-+Fut+-+Act+-+Plur+Abl+Neut,noun,11535,495,4715,6010,315
nom.sg,Case=Nom|Number=Sing,N;NOM;SG,,,NOUN:Nom+Sing,,3340294,305121,1133367,1801698,100108
gen.sg,Case=Gen|Number=Sing,N;GEN;SG,,,NOUN:Gen+Sing,,2029383,176328,717152,1065292,70611
dat.sg,Case=Dat|Number=Sing,N;DAT;SG,,,NOUN:Dat+Sing,,1464327,149056,512610,750276,52385
acc.sg,Case=Acc|Number=Sing,N;ACC;SG,,,NOUN:Acc+Sing,,2663992,246582,945900,1391128,80382
voc.sg,Case=Voc|Number=Sing,N;VOC;SG,,,NOUN:Voc+Sing,,3102649,290411,1028722,1687352,96164
abl.sg,Case=Abl|Number=Sing,N;ABL;SG,,,NOUN:Abl+Sing,,2816933,297275,962861,1463839,92958
nom.pl,Case=Nom|Number=Plur,N;NOM;PL,,,NOUN:Nom+Plur,,2113371,236521,758001,1044528,74321
gen.pl,Case=Gen|Number=Plur,N;GEN;PL,,,NOUN:Gen+Plur,,518465,56573,189629,250017,22246
dat.pl,Case=Dat|Number=Plur,N;DAT;PL,,,NOUN:Dat+Plur,,835283,115180,310927,382000,27176
acc.pl,Case=Acc|Number=Plur,N;ACC;PL,,,NOUN:Acc+Plur,,1565479,216650,557840,734860,56129
voc.pl,Case=Voc|Number=Plur,N;VOC;PL,,,NOUN:Voc+Plur,,2113371,236521,758001,1044528,74321
abl.pl,Case=Abl|Number=Plur,N;ABL;PL,,,NOUN:Abl+Plur,,835283,115180,310927,382000,27176
