cell_id,ud,unimorph,cell_romance_aligned,cell_LatInfLexi_v1
prs.act.ind.1.sg,VerbForm=Fin|Mood=Ind|Tense=Pres|Aspect=Imp|Voice=Act|Person=1|Number=Sing,V;FIN;ACT;PRS;IPFV;IND;1;SG,PRS-IND~1SG,VERB:Fin+Ind+Pres+-+Act+1+Sing+-+-
prs.act.ind.2.sg,VerbForm=Fin|Mood=Ind|Tense=Pres|Aspect=Imp|Voice=Act|Person=2|Number=Sing,V;FIN;ACT;PRS;IPFV;IND;2;SG,PRS-IND~2SG,VERB:Fin+Ind+Pres+-+Act+2+Sing+-+-
prs.act.ind.3.sg,VerbForm=Fin|Mood=Ind|Tense=Pres|Aspect=Imp|Voice=Act|Person=3|Number=Sing,V;FIN;ACT;PRS;IPFV;IND;3;SG,PRS-IND~3SG,VERB:Fin+Ind+Pres+-+Act+3+Sing+-+-
prs.act.ind.1.pl,VerbForm=Fin|Mood=Ind|Tense=Pres|Aspect=Imp|Voice=Act|Person=1|Number=Plur,V;FIN;ACT;PRS;IPFV;IND;1;PL,PRS-IND~1PL,VERB:Fin+Ind+Pres+-+Act+1+Plur+-+-
prs.act.ind.2.pl,VerbForm=Fin|Mood=Ind|Tense=Pres|Aspect=Imp|Voice=Act|Person=2|Number=Plur,V;FIN;ACT;PRS;IPFV;IND;2;PL,PRS-IND~2PL,VERB:Fin+Ind+Pres+-+Act+2+Plur+-+-
prs.act.ind.3.pl,VerbForm=Fin|Mood=Ind|Tense=Pres|Aspect=Imp|Voice=Act|Person=3|Number=Plur,V;FIN;ACT;PRS;IPFV;IND;3;PL,PRS-IND~3PL,VERB:Fin+Ind+Pres+-+Act+3+Plur+-+-
iprf.act.ind.1.sg,VerbForm=Fin|Mood=Ind|Tense=Past|Aspect=Imp|Voice=Act|Person=1|Number=Sing,V;FIN;ACT;PST;IPFV;IND;1;SG,IMPERF-IND~1SG,VERB:Fin+Ind+Imp+Imp+Act+1+Sing+-+-
iprf.act.ind.2.sg,VerbForm=Fin|Mood=Ind|Tense=Past|Aspect=Imp|Voice=Act|Person=2|Number=Sing,V;FIN;ACT;PST;IPFV;IND;2;SG,IMPERF-IND~2SG,VERB:Fin+Ind+Imp+Imp+Act+2+Sing+-+-
iprf.act.ind.3.sg,VerbForm=Fin|Mood=Ind|Tense=Past|Aspect=Imp|Voice=Act|Person=3|Number=Sing,V;FIN;ACT;PST;IPFV;IND;3;SG,IMPERF-IND~3SG,VERB:Fin+Ind+Imp+Imp+Act+3+Sing+-+-
iprf.act.ind.1.pl,VerbForm=Fin|Mood=Ind|Tense=Past|Aspect=Imp|Voice=Act|Person=1|Number=Plur,V;FIN;ACT;PST;IPFV;IND;1;PL,IMPERF-IND~1PL,VERB:Fin+Ind+Imp+Imp+Act+1+Plur+-+-
iprf.act.ind.2.pl,VerbForm=Fin|Mood=Ind|Tense=Past|Aspect=Imp|Voice=Act|Person=2|Number=Plur,V;FIN;ACT;PST;IPFV;IND;2;PL,IMPERF-IND~2PL,VERB:Fin+Ind+Imp+Imp+Act+2+Plur+-+-
iprf.act.ind.3.pl,VerbForm=Fin|Mood=Ind|Tense=Past|Aspect=Imp|Voice=Act|Person=3|Number=Plur,V;FIN;ACT;PST;IPFV;IND;3;PL,IMPERF-IND~3PL,VERB:Fin+Ind+Imp+Imp+Act+3+Plur+-+-
fut.act.ind.1.sg,VerbForm=Fin|Mood=Ind|Tense=Fut|Aspect=Imp|Voice=Act|Person=1|Number=Sing,V;FIN;ACT;FUT;IPFV;IND;1;SG,,VERB:Fin+Ind+Fut+-+Act+1+Sing+-+-
fut.act.ind.2.sg,VerbForm=Fin|Mood=Ind|Tense=Fut|Aspect=Imp|Voice=Act|Person=2|Number=Sing,V;FIN;ACT;FUT;IPFV;IND;2;SG,,VERB:Fin+Ind+Fut+-+Act+2+Sing+-+-
fut.act.ind.3.sg,VerbForm=Fin|Mood=Ind|Tense=Fut|Aspect=Imp|Voice=Act|Person=3|Number=Sing,V;FIN;ACT;FUT;IPFV;IND;3;SG,,VERB:Fin+Ind+Fut+-+Act+3+Sing+-+-
fut.act.ind.1.pl,VerbForm=Fin|Mood=Ind|Tense=Fut|Aspect=Imp|Voice=Act|Person=1|Number=Plur,V;FIN;ACT;FUT;IPFV;IND;1;PL,,VERB:Fin+Ind+Fut+-+Act+1+Plur+-+-
fut.act.ind.2.pl,VerbForm=Fin|Mood=Ind|Tense=Fut|Aspect=Imp|Voice=Act|Person=2|Number=Plur,V;FIN;ACT;FUT;IPFV;IND;2;PL,,VERB:Fin+Ind+Fut+-+Act+2+Plur+-+-
fut.act.ind.3.pl,VerbForm=Fin|Mood=Ind|Tense=Fut|Aspect=Imp|Voice=Act|Person=3|Number=Plur,V;FIN;ACT;FUT;IPFV;IND;3;PL,,VERB:Fin+Ind+Fut+-+Act+3+Plur+-+-
prs.act.sbjv.1.sg,VerbForm=Fin|Mood=Sub|Tense=Pres|Aspect=Imp|Voice=Act|Person=1|Number=Sing,V;FIN;ACT;PRS;IPFV;SBJV;1;SG,PRS-SBJV~1SG,VERB:Fin+Sub+Pres+-+Act+1+Sing+-+-
prs.act.sbjv.2.sg,VerbForm=Fin|Mood=Sub|Tense=Pres|Aspect=Imp|Voice=Act|Person=2|Number=Sing,V;FIN;ACT;PRS;IPFV;SBJV;2;SG,PRS-SBJV~2SG,VERB:Fin+Sub+Pres+-+Act+2+Sing+-+-
prs.act.sbjv.3.sg,VerbForm=Fin|Mood=Sub|Tense=Pres|Aspect=Imp|Voice=Act|Person=3|Number=Sing,V;FIN;ACT;PRS;IPFV;SBJV;3;SG,PRS-SBJV~3SG,VERB:Fin+Sub+Pres+-+Act+3+Sing+-+-
prs.act.sbjv.1.pl,VerbForm=Fin|Mood=Sub|Tense=Pres|Aspect=Imp|Voice=Act|Person=1|Number=Plur,V;FIN;ACT;PRS;IPFV;SBJV;1;PL,PRS-SBJV~1PL,VERB:Fin+Sub+Pres+-+Act+1+Plur+-+-
prs.act.sbjv.2.pl,VerbForm=Fin|Mood=Sub|Tense=Pres|Aspect=Imp|Voice=Act|Person=2|Number=Plur,V;FIN;ACT;PRS;IPFV;SBJV;2;PL,PRS-SBJV~2PL,VERB:Fin+Sub+Pres+-+Act+2+Plur+-+-
prs.act.sbjv.3.pl,VerbForm=Fin|Mood=Sub|Tense=Pres|Aspect=Imp|Voice=Act|Person=3|Number=Plur,V;FIN;ACT;PRS;IPFV;SBJV;3;PL,PRS-SBJV~3PL,VERB:Fin+Sub+Pres+-+Act+3+Plur+-+-
iprf.act.sbjv.1.sg,VerbForm=Fin|Mood=Sub|Tense=Past|Aspect=Imp|Voice=Act|Person=1|Number=Sing,V;FIN;ACT;PST;IPFV;SBJV;1;SG,IMPERF-SBJV~1SG,VERB:Fin+Sub+Imp+Imp+Act+1+Sing+-+-
iprf.act.sbjv.2.sg,VerbForm=Fin|Mood=Sub|Tense=Past|Aspect=Imp|Voice=Act|Person=2|Number=Sing,V;FIN;ACT;PST;IPFV;SBJV;2;SG,IMPERF-SBJV~2SG,VERB:Fin+Sub+Imp+Imp+Act+2+Sing+-+-
iprf.act.sbjv.3.sg,VerbForm=Fin|Mood=Sub|Tense=Past|Aspect=Imp|Voice=Act|Person=3|Number=Sing,V;FIN;ACT;PST;IPFV;SBJV;3;SG,IMPERF-SBJV~3SG,VERB:Fin+Sub+Imp+Imp+Act+3+Sing+-+-
iprf.act.sbjv.1.pl,VerbForm=Fin|Mood=Sub|Tense=Past|Aspect=Imp|Voice=Act|Person=1|Number=Plur,V;FIN;ACT;PST;IPFV;SBJV;1;PL,IMPERF-SBJV~1PL,VERB:Fin+Sub+Imp+Imp+Act+1+Plur+-+-
iprf.act.sbjv.2.pl,VerbForm=Fin|Mood=Sub|Tense=Past|Aspect=Imp|Voice=Act|Person=2|Number=Plur,V;FIN;ACT;PST;IPFV;SBJV;2;PL,IMPERF-SBJV~2PL,VERB:Fin+Sub+Imp+Imp+Act+2+Plur+-+-
iprf.act.sbjv.3.pl,VerbForm=Fin|Mood=Sub|Tense=Past|Aspect=Imp|Voice=Act|Person=3|Number=Plur,V;FIN;ACT;PST;IPFV;SBJV;3;PL,IMPERF-SBJV~3PL,VERB:Fin+Sub+Imp+Imp+Act+3+Plur+-+-
prs.act.imp.2.sg,VerbForm=Fin|Mood=Imp|Tense=Pres|Aspect=Imp|Voice=Act|Person=2|Number=Sing,V;FIN;ACT;PRS;IPFV;IMP;2;SG,IMP~2SG,VERB:Fin+Imp+Pres+-+Act+2+Sing+-+-
prs.act.imp.2.pl,VerbForm=Fin|Mood=Imp|Tense=Pres|Aspect=Imp|Voice=Act|Person=2|Number=Plur,V;FIN;ACT;PRS;IPFV;IMP;2;PL,IMP~2PL,VERB:Fin+Imp+Pres+-+Act+2+Plur+-+-
fut.act.imp.2.sg,VerbForm=Fin|Mood=Imp|Tense=Fut|Aspect=Imp|Voice=Act|Person=2|Number=Sing,V;FIN;ACT;FUT;IPFV;IMP;2;SG,,VERB:Fin+Imp+Fut+-+Act+2+Sing+-+-
fut.act.imp.3.sg,VerbForm=Fin|Mood=Imp|Tense=Fut|Aspect=Imp|Voice=Act|Person=3|Number=Sing,V;FIN;ACT;FUT;IPFV;IMP;3;SG,,VERB:Fin+Imp+Fut+-+Act+3+Sing+-+-
fut.act.imp.2.pl,VerbForm=Fin|Mood=Imp|Tense=Fut|Aspect=Imp|Voice=Act|Person=2|Number=Plur,V;FIN;ACT;FUT;IPFV;IMP;2;PL,,VERB:Fin+Imp+Fut+-+Act+2+Plur+-+-
fut.act.imp.3.pl,VerbForm=Fin|Mood=Imp|Tense=Fut|Aspect=Imp|Voice=Act|Person=3|Number=Plur,V;FIN;ACT;FUT;IPFV;IMP;3;PL,,VERB:Fin+Imp+Fut+-+Act+3+Plur+-+-
prs.act.inf,VerbForm=Inf|Aspect=Imp|Voice=Act,V;NFIN;ACT;IPFV,INF,VERB:Inf+-+Pres+-+Act+-+-+-+-
prs.pass.ind.1.sg,VerbForm=Fin|Mood=Ind|Tense=Pres|Aspect=Imp|Voice=Pass|Person=1|Number=Sing,V;FIN;PASS;PRS;IPFV;IND;1;SG,,VERB:Fin+Ind+Pres+-+Pass+1+Sing+-+-
prs.pass.ind.2.sg,VerbForm=Fin|Mood=Ind|Tense=Pres|Aspect=Imp|Voice=Pass|Person=2|Number=Sing,V;FIN;PASS;PRS;IPFV;IND;2;SG,,VERB:Fin+Ind+Pres+-+Pass+2+Sing+-+-
prs.pass.ind.3.sg,VerbForm=Fin|Mood=Ind|Tense=Pres|Aspect=Imp|Voice=Pass|Person=3|Number=Sing,V;FIN;PASS;PRS;IPFV;IND;3;SG,,VERB:Fin+Ind+Pres+-+Pass+3+Sing+-+-
prs.pass.ind.1.pl,VerbForm=Fin|Mood=Ind|Tense=Pres|Aspect=Imp|Voice=Pass|Person=1|Number=Plur,V;FIN;PASS;PRS;IPFV;IND;1;PL,,VERB:Fin+Ind+Pres+-+Pass+1+Plur+-+-
prs.pass.ind.2.pl,VerbForm=Fin|Mood=Ind|Tense=Pres|Aspect=Imp|Voice=Pass|Person=2|Number=Plur,V;FIN;PASS;PRS;IPFV;IND;2;PL,,VERB:Fin+Ind+Pres+-+Pass+2+Plur+-+-
prs.pass.ind.3.pl,VerbForm=Fin|Mood=Ind|Tense=Pres|Aspect=Imp|Voice=Pass|Person=3|Number=Plur,V;FIN;PASS;PRS;IPFV;IND;3;PL,,VERB:Fin+Ind+Pres+-+Pass+3+Plur+-+-
iprf.pass.ind.1.sg,VerbForm=Fin|Mood=Ind|Tense=Past|Aspect=Imp|Voice=Pass|Person=1|Number=Sing,V;FIN;PASS;PST;IPFV;IND;1;SG,,VERB:Fin+Ind+Imp+Imp+Pass+1+Sing+-+-
iprf.pass.ind.2.sg,VerbForm=Fin|Mood=Ind|Tense=Past|Aspect=Imp|Voice=Pass|Person=2|Number=Sing,V;FIN;PASS;PST;IPFV;IND;2;SG,,VERB:Fin+Ind+Imp+Imp+Pass+2+Sing+-+-
iprf.pass.ind.3.sg,VerbForm=Fin|Mood=Ind|Tense=Past|Aspect=Imp|Voice=Pass|Person=3|Number=Sing,V;FIN;PASS;PST;IPFV;IND;3;SG,,VERB:Fin+Ind+Imp+Imp+Pass+3+Sing+-+-
iprf.pass.ind.1.pl,VerbForm=Fin|Mood=Ind|Tense=Past|Aspect=Imp|Voice=Pass|Person=1|Number=Plur,V;FIN;PASS;PST;IPFV;IND;1;PL,,VERB:Fin+Ind+Imp+Imp+Pass+1+Plur+-+-
iprf.pass.ind.2.pl,VerbForm=Fin|Mood=Ind|Tense=Past|Aspect=Imp|Voice=Pass|Person=2|Number=Plur,V;FIN;PASS;PST;IPFV;IND;2;PL,,VERB:Fin+Ind+Imp+Imp+Pass+2+Plur+-+-
iprf.pass.ind.3.pl,VerbForm=Fin|Mood=Ind|Tense=Past|Aspect=Imp|Voice=Pass|Person=3|Number=Plur,V;FIN;PASS;PST;IPFV;IND;3;PL,,VERB:Fin+Ind+Imp+Imp+Pass+3+Plur+-+-
fut.pass.ind.1.sg,VerbForm=Fin|Mood=Ind|Tense=Fut|Aspect=Imp|Voice=Pass|Person=1|Number=Sing,V;FIN;PASS;FUT;IPFV;IND;1;SG,,VERB:Fin+Ind+Fut+-+Pass+1+Sing+-+-
fut.pass.ind.2.sg,VerbForm=Fin|Mood=Ind|Tense=Fut|Aspect=Imp|Voice=Pass|Person=2|Number=Sing,V;FIN;PASS;FUT;IPFV;IND;2;SG,,VERB:Fin+Ind+Fut+-+Pass+2+Sing+-+-
fut.pass.ind.3.sg,VerbForm=Fin|Mood=Ind|Tense=Fut|Aspect=Imp|Voice=Pass|Person=3|Number=Sing,V;FIN;PASS;FUT;IPFV;IND;3;SG,,VERB:Fin+Ind+Fut+-+Pass+3+Sing+-+-
fut.pass.ind.1.pl,VerbForm=Fin|Mood=Ind|Tense=Fut|Aspect=Imp|Voice=Pass|Person=1|Number=Plur,V;FIN;PASS;FUT;IPFV;IND;1;PL,,VERB:Fin+Ind+Fut+-+Pass+1+Plur+-+-
fut.pass.ind.2.pl,VerbForm=Fin|Mood=Ind|Tense=Fut|Aspect=Imp|Voice=Pass|Person=2|Number=Plur,V;FIN;PASS;FUT;IPFV;IND;2;PL,,VERB:Fin+Ind+Fut+-+Pass+2+Plur+-+-
fut.pass.ind.3.pl,VerbForm=Fin|Mood=Ind|Tense=Fut|Aspect=Imp|Voice=Pass|Person=3|Number=Plur,V;FIN;PASS;FUT;IPFV;IND;3;PL,,VERB:Fin+Ind+Fut+-+Pass+3+Plur+-+-
prs.pass.sbjv.1.sg,VerbForm=Fin|Mood=Sub|Tense=Pres|Aspect=Imp|Voice=Pass|Person=1|Number=Sing,V;FIN;PASS;PRS;IPFV;SBJV;1;SG,,VERB:Fin+Sub+Pres+-+Pass+1+Sing+-+-
prs.pass.sbjv.2.sg,VerbForm=Fin|Mood=Sub|Tense=Pres|Aspect=Imp|Voice=Pass|Person=2|Number=Sing,V;FIN;PASS;PRS;IPFV;SBJV;2;SG,,VERB:Fin+Sub+Pres+-+Pass+2+Sing+-+-
prs.pass.sbjv.3.sg,VerbForm=Fin|Mood=Sub|Tense=Pres|Aspect=Imp|Voice=Pass|Person=3|Number=Sing,V;FIN;PASS;PRS;IPFV;SBJV;3;SG,,VERB:Fin+Sub+Pres+-+Pass+3+Sing+-+-
prs.pass.sbjv.1.pl,VerbForm=Fin|Mood=Sub|Tense=Pres|Aspect=Imp|Voice=Pass|Person=1|Number=Plur,V;FIN;PASS;PRS;IPFV;SBJV;1;PL,,VERB:Fin+Sub+Pres+-+Pass+1+Plur+-+-
prs.pass.sbjv.2.pl,VerbForm=Fin|Mood=Sub|Tense=Pres|Aspect=Imp|Voice=Pass|Person=2|Number=Plur,V;FIN;PASS;PRS;IPFV;SBJV;2;PL,,VERB:Fin+Sub+Pres+-+Pass+2+Plur+-+-
prs.pass.sbjv.3.pl,VerbForm=Fin|Mood=Sub|Tense=Pres|Aspect=Imp|Voice=Pass|Person=3|Number=Plur,V;FIN;PASS;PRS;IPFV;SBJV;3;PL,,VERB:Fin+Sub+Pres+-+Pass+3+Plur+-+-
iprf.pass.sbjv.1.sg,VerbForm=Fin|Mood=Sub|Tense=Past|Aspect=Imp|Voice=Pass|Person=1|Number=Sing,V;FIN;PASS;PST;IPFV;SBJV;1;SG,,VERB:Fin+Sub+Imp+Imp+Pass+1+Sing+-+-
iprf.pass.sbjv.2.sg,VerbForm=Fin|Mood=Sub|Tense=Past|Aspect=Imp|Voice=Pass|Person=2|Number=Sing,V;FIN;PASS;PST;IPFV;SBJV;2;SG,,VERB:Fin+Sub+Imp+Imp+Pass+2+Sing+-+-
iprf.pass.sbjv.3.sg,VerbForm=Fin|Mood=Sub|Tense=Past|Aspect=Imp|Voice=Pass|Person=3|Number=Sing,V;FIN;PASS;PST;IPFV;SBJV;3;SG,,VERB:Fin+Sub+Imp+Imp+Pass+3+Sing+-+-
iprf.pass.sbjv.1.pl,VerbForm=Fin|Mood=Sub|Tense=Past|Aspect=Imp|Voice=Pass|Person=1|Number=Plur,V;FIN;PASS;PST;IPFV;SBJV;1;PL,,VERB:Fin+Sub+Imp+Imp+Pass+1+Plur+-+-
iprf.pass.sbjv.2.pl,VerbForm=Fin|Mood=Sub|Tense=Past|Aspect=Imp|Voice=Pass|Person=2|Number=Plur,V;FIN;PASS;PST;IPFV;SBJV;2;PL,,VERB:Fin+Sub+Imp+Imp+Pass+2+Plur+-+-
iprf.pass.sbjv.3.pl,VerbForm=Fin|Mood=Sub|Tense=Past|Aspect=Imp|Voice=Pass|Person=3|Number=Plur,V;FIN;PASS;PST;IPFV;SBJV;3;PL,,VERB:Fin+Sub+Imp+Imp+Pass+3+Plur+-+-
prs.pass.imp.2.sg,VerbForm=Fin|Mood=Imp|Tense=Pres|Aspect=Imp|Voice=Pass|Person=2|Number=Sing,V;FIN;PASS;PRS;IPFV;IMP;2;SG,,VERB:Fin+Imp+Pres+-+Pass+2+Sing+-+-
prs.pass.imp.2.pl,VerbForm=Fin|Mood=Imp|Tense=Pres|Aspect=Imp|Voice=Pass|Person=2|Number=Plur,V;FIN;PASS;PRS;IPFV;IMP;2;PL,,VERB:Fin+Imp+Pres+-+Pass+2+Plur+-+-
fut.pass.imp.2.sg,VerbForm=Fin|Mood=Imp|Tense=Fut|Aspect=Imp|Voice=Pass|Person=2|Number=Sing,V;FIN;PASS;FUT;IPFV;IMP;2;SG,,VERB:Fin+Imp+Fut+-+Pass+2+Sing+-+-
fut.pass.imp.3.sg,VerbForm=Fin|Mood=Imp|Tense=Fut|Aspect=Imp|Voice=Pass|Person=3|Number=Sing,V;FIN;PASS;FUT;IPFV;IMP;3;SG,,VERB:Fin+Imp+Fut+-+Pass+3+Sing+-+-
fut.pass.imp.3.pl,VerbForm=Fin|Mood=Imp|Tense=Fut|Aspect=Imp|Voice=Pass|Person=3|Number=Plur,V;FIN;PASS;FUT;IPFV;IMP;3;SG,,VERB:Fin+Imp+Fut+-+Pass+3+Plur+-+-
prs.pass.inf,VerbForm=Inf|Aspect=Imp|Voice=Pass,V;NFIN;PASS;IPFV,,VERB:Inf+-+Pres+-+Pass+-+-+-+-
ger.gen,VerbForm=Vnoun|Voice=Act|Number=Sing|Case=Gen,V.MSDR;ACT;GEN;SG,,VERB:Ger+-+-+-+Act+-+Sing+Gen+-
ger.dat,VerbForm=Vnoun|Voice=Act|Number=Sing|Case=Dat,V.MSDR;ACT;DAT;SG,,VERB:Ger+-+-+-+Act+-+Sing+Dat+-
ger.acc,VerbForm=Vnoun|Voice=Act|Number=Sing|Case=Acc,V.MSDR;ACT;ACC;SG,,VERB:Ger+-+-+-+Act+-+Sing+Acc+-
ger.abl,VerbForm=Vnoun|Voice=Act|Number=Sing|Case=Abl,V.MSDR;ACT;ABL;SG,GER,VERB:Ger+-+-+-+Act+-+Sing+Abl+-
gdv.nom.m.sg,VerbForm=Part|Aspect=Prosp|Voice=Pass|Number=Sing|Case=Nom|Gender=Masc,V.PTCP;NFIN;PASS;PROSP;NOM;MASC;SG,,VERB:Gdv+-+-+-+Pass+-+Sing+Nom+Masc
gdv.nom.f.sg,VerbForm=Part|Aspect=Prosp|Voice=Pass|Number=Sing|Case=Nom|Gender=Fem,V.PTCP;NFIN;PASS;PROSP;NOM;FEM;SG,,VERB:Gdv+-+-+-+Pass+-+Sing+Nom+Fem
gdv.nom.n.sg,VerbForm=Part|Aspect=Prosp|Voice=Pass|Number=Sing|Case=Nom|Gender=Neut,V.PTCP;NFIN;PASS;PROSP;NOM;NEUT;SG,,VERB:Gdv+-+-+-+Pass+-+Sing+Nom+Neut
gdv.gen.m.sg,VerbForm=Part|Aspect=Prosp|Voice=Pass|Number=Sing|Case=Gen|Gender=Masc,V.PTCP;NFIN;PASS;PROSP;GEN;MASC;SG,,VERB:Gdv+-+-+-+Pass+-+Sing+Gen+Masc
gdv.gen.f.sg,VerbForm=Part|Aspect=Prosp|Voice=Pass|Number=Sing|Case=Gen|Gender=Fem,V.PTCP;NFIN;PASS;PROSP;GEN;FEM;SG,,VERB:Gdv+-+-+-+Pass+-+Sing+Gen+Fem
gdv.gen.n.sg,VerbForm=Part|Aspect=Prosp|Voice=Pass|Number=Sing|Case=Gen|Gender=Neut,V.PTCP;NFIN;PASS;PROSP;GEN;NEUT;SG,,VERB:Gdv+-+-+-+Pass+-+Sing+Gen+Neut
gdv.dat.m.sg,VerbForm=Part|Aspect=Prosp|Voice=Pass|Number=Sing|Case=Dat|Gender=Masc,V.PTCP;NFIN;PASS;PROSP;DAT;MASC;SG,,VERB:Gdv+-+-+-+Pass+-+Sing+Dat+Masc
gdv.dat.f.sg,VerbForm=Part|Aspect=Prosp|Voice=Pass|Number=Sing|Case=Dat|Gender=Fem,V.PTCP;NFIN;PASS;PROSP;DAT;FEM;SG,,VERB:Gdv+-+-+-+Pass+-+Sing+Dat+Fem
gdv.dat.n.sg,VerbForm=Part|Aspect=Prosp|Voice=Pass|Number=Sing|Case=Dat|Gender=Neut,V.PTCP;NFIN;PASS;PROSP;DAT;NEUT;SG,,VERB:Gdv+-+-+-+Pass+-+Sing+Dat+Neut
gdv.acc.m.sg,VerbForm=Part|Aspect=Prosp|Voice=Pass|Number=Sing|Case=Acc|Gender=Masc,V.PTCP;NFIN;PASS;PROSP;ACC;MASC;SG,,VERB:Gdv+-+-+-+Pass+-+Sing+Acc+Masc
gdv.acc.f.sg,VerbForm=Part|Aspect=Prosp|Voice=Pass|Number=Sing|Case=Acc|Gender=Fem,V.PTCP;NFIN;PASS;PROSP;ACC;FEM;SG,,VERB:Gdv+-+-+-+Pass+-+Sing+Acc+Fem
gdv.acc.n.sg,VerbForm=Part|Aspect=Prosp|Voice=Pass|Number=Sing|Case=Acc|Gender=Neut,V.PTCP;NFIN;PASS;PROSP;ACC;NEUT;SG,,VERB:Gdv+-+-+-+Pass+-+Sing+Acc+Neut
gdv.voc.m.sg,VerbForm=Part|Aspect=Prosp|Voice=Pass|Number=Sing|Case=Voc|Gender=Masc,V.PTCP;NFIN;PASS;PROSP;VOC;MASC;SG,,VERB:Gdv+-+-+-+Pass+-+Sing+Voc+Masc
gdv.voc.f.sg,VerbForm=Part|Aspect=Prosp|Voice=Pass|Number=Sing|Case=Voc|Gender=Fem,V.PTCP;NFIN;PASS;PROSP;VOC;FEM;SG,,VERB:Gdv+-+-+-+Pass+-+Sing+Voc+Fem
gdv.voc.n.sg,VerbForm=Part|Aspect=Prosp|Voice=Pass|Number=Sing|Case=Voc|Gender=Neut,V.PTCP;NFIN;PASS;PROSP;VOC;NEUT;SG,,VERB:Gdv+-+-+-+Pass+-+Sing+Voc+Neut
gdv.abl.m.sg,VerbForm=Part|Aspect=Prosp|Voice=Pass|Number=Sing|Case=Abl|Gender=Masc,V.PTCP;NFIN;PASS;PROSP;ABL;MASC;SG,,VERB:Gdv+-+-+-+Pass+-+Sing+Abl+Masc
gdv.abl.f.sg,VerbForm=Part|Aspect=Prosp|Voice=Pass|Number=Sing|Case=Abl|Gender=Fem,V.PTCP;NFIN;PASS;PROSP;ABL;FEM;SG,,VERB:Gdv+-+-+-+Pass+-+Sing+Abl+Fem
gdv.abl.n.sg,VerbForm=Part|Aspect=Prosp|Voice=Pass|Number=Sing|Case=Abl|Gender=Neut,V.PTCP;NFIN;PASS;PROSP;ABL;NEUT;SG,,VERB:Gdv+-+-+-+Pass+-+Sing+Abl+Neut
gdv.nom.m.pl,VerbForm=Part|Aspect=Prosp|Voice=Pass|Number=Plur|Case=Nom|Gender=Masc,V.PTCP;NFIN;PASS;PROSP;NOM;MASC;PL,,VERB:Gdv+-+-+-+Pass+-+Plur+Nom+Masc
gdv.nom.f.pl,VerbForm=Part|Aspect=Prosp|Voice=Pass|Number=Plur|Case=Nom|Gender=Fem,V.PTCP;NFIN;PASS;PROSP;NOM;FEM;PL,,VERB:Gdv+-+-+-+Pass+-+Plur+Nom+Fem
gdv.nom.n.pl,VerbForm=Part|Aspect=Prosp|Voice=Pass|Number=Plur|Case=Nom|Gender=Neut,V.PTCP;NFIN;PASS;PROSP;NOM;NEUT;PL,,VERB:Gdv+-+-+-+Pass+-+Plur+Nom+Neut
gdv.gen.m.pl,VerbForm=Part|Aspect=Prosp|Voice=Pass|Number=Plur|Case=Gen|Gender=Masc,V.PTCP;NFIN;PASS;PROSP;GEN;MASC;PL,,VERB:Gdv+-+-+-+Pass+-+Plur+Gen+Masc
gdv.gen.f.pl,VerbForm=Part|Aspect=Prosp|Voice=Pass|Number=Plur|Case=Gen|Gender=Fem,V.PTCP;NFIN;PASS;PROSP;GEN;FEM;PL,,VERB:Gdv+-+-+-+Pass+-+Plur+Gen+Fem
gdv.gen.n.pl,VerbForm=Part|Aspect=Prosp|Voice=Pass|Number=Plur|Case=Gen|Gender=Neut,V.PTCP;NFIN;PASS;PROSP;GEN;NEUT;PL,,VERB:Gdv+-+-+-+Pass+-+Plur+Gen+Neut
gdv.dat.m.pl,VerbForm=Part|Aspect=Prosp|Voice=Pass|Number=Plur|Case=Dat|Gender=Masc,V.PTCP;NFIN;PASS;PROSP;DAT;MASC;PL,,VERB:Gdv+-+-+-+Pass+-+Plur+Dat+Masc
gdv.dat.f.pl,VerbForm=Part|Aspect=Prosp|Voice=Pass|Number=Plur|Case=Dat|Gender=Fem,V.PTCP;NFIN;PASS;PROSP;DAT;FEM;PL,,VERB:Gdv+-+-+-+Pass+-+Plur+Dat+Fem
gdv.dat.n.pl,VerbForm=Part|Aspect=Prosp|Voice=Pass|Number=Plur|Case=Dat|Gender=Neut,V.PTCP;NFIN;PASS;PROSP;DAT;NEUT;PL,,VERB:Gdv+-+-+-+Pass+-+Plur+Dat+Neut
gdv.acc.m.pl,VerbForm=Part|Aspect=Prosp|Voice=Pass|Number=Plur|Case=Acc|Gender=Masc,V.PTCP;NFIN;PASS;PROSP;ACC;MASC;PL,,VERB:Gdv+-+-+-+Pass+-+Plur+Acc+Masc
gdv.acc.f.pl,VerbForm=Part|Aspect=Prosp|Voice=Pass|Number=Plur|Case=Acc|Gender=Fem,V.PTCP;NFIN;PASS;PROSP;ACC;FEM;PL,,VERB:Gdv+-+-+-+Pass+-+Plur+Acc+Fem
gdv.acc.n.pl,VerbForm=Part|Aspect=Prosp|Voice=Pass|Number=Plur|Case=Acc|Gender=Neut,V.PTCP;NFIN;PASS;PROSP;ACC;NEUT;PL,,VERB:Gdv+-+-+-+Pass+-+Plur+Acc+Neut
gdv.voc.m.pl,VerbForm=Part|Aspect=Prosp|Voice=Pass|Number=Plur|Case=Voc|Gender=Masc,V.PTCP;NFIN;PASS;PROSP;VOC;MASC;PL,,VERB:Gdv+-+-+-+Pass+-+Plur+Voc+Masc
gdv.voc.f.pl,VerbForm=Part|Aspect=Prosp|Voice=Pass|Number=Plur|Case=Voc|Gender=Fem,V.PTCP;NFIN;PASS;PROSP;VOC;FEM;PL,,VERB:Gdv+-+-+-+Pass+-+Plur+Voc+Fem
gdv.voc.n.pl,VerbForm=Part|Aspect=Prosp|Voice=Pass|Number=Plur|Case=Voc|Gender=Neut,V.PTCP;NFIN;PASS;PROSP;VOC;NEUT;PL,,VERB:Gdv+-+-+-+Pass+-+Plur+Voc+Neut
gdv.abl.m.pl,VerbForm=Part|Aspect=Prosp|Voice=Pass|Number=Plur|Case=Abl|Gender=Masc,V.PTCP;NFIN;PASS;PROSP;ABL;MASC;PL,,VERB:Gdv+-+-+-+Pass+-+Plur+Abl+Masc
gdv.abl.f.pl,VerbForm=Part|Aspect=Prosp|Voice=Pass|Number=Plur|Case=Abl|Gender=Fem,V.PTCP;NFIN;PASS;PROSP;ABL;FEM;PL,,VERB:Gdv+-+-+-+Pass+-+Plur+Abl+Fem
gdv.abl.n.pl,VerbForm=Part|Aspect=Prosp|Voice=Pass|Number=Plur|Case=Abl|Gender=Neut,V.PTCP;NFIN;PASS;PROSP;ABL;NEUT;PL,,VERB:Gdv+-+-+-+Pass+-+Plur+Abl+Neut
prs.act.ptcp.nom.m.sg,VerbForm=Part|Aspect=Imp|Voice=Act|Number=Sing|Case=Nom|Gender=Masc,V.PTCP;NFIN;ACT;IPFV;NOM;MASC;SG,,VERB:Part+-+Pres+-+Act+-+Sing+Nom+Masc
prs.act.ptcp.nom.f.sg,VerbForm=Part|Aspect=Imp|Voice=Act|Number=Sing|Case=Nom|Gender=Fem,V.PTCP;NFIN;ACT;IPFV;NOM;FEM;SG,,VERB:Part+-+Pres+-+Act+-+Sing+Nom+Fem
prs.act.ptcp.nom.n.sg,VerbForm=Part|Aspect=Imp|Voice=Act|Number=Sing|Case=Nom|Gender=Neut,V.PTCP;NFIN;ACT;IPFV;NOM;NEUT;SG,,VERB:Part+-+Pres+-+Act+-+Sing+Nom+Neut
prs.act.ptcp.gen.m.sg,VerbForm=Part|Aspect=Imp|Voice=Act|Number=Sing|Case=Gen|Gender=Masc,V.PTCP;NFIN;ACT;IPFV;GEN;MASC;SG,,VERB:Part+-+Pres+-+Act+-+Sing+Gen+Masc
prs.act.ptcp.gen.f.sg,VerbForm=Part|Aspect=Imp|Voice=Act|Number=Sing|Case=Gen|Gender=Fem,V.PTCP;NFIN;ACT;IPFV;GEN;FEM;SG,,VERB:Part+-+Pres+-+Act+-+Sing+Gen+Fem
prs.act.ptcp.gen.n.sg,VerbForm=Part|Aspect=Imp|Voice=Act|Number=Sing|Case=Gen|Gender=Neut,V.PTCP;NFIN;ACT;IPFV;GEN;NEUT;SG,,VERB:Part+-+Pres+-+Act+-+Sing+Gen+Neut
prs.act.ptcp.dat.m.sg,VerbForm=Part|Aspect=Imp|Voice=Act|Number=Sing|Case=Dat|Gender=Masc,V.PTCP;NFIN;ACT;IPFV;DAT;MASC;SG,,VERB:Part+-+Pres+-+Act+-+Sing+Dat+Masc
prs.act.ptcp.dat.f.sg,VerbForm=Part|Aspect=Imp|Voice=Act|Number=Sing|Case=Dat|Gender=Fem,V.PTCP;NFIN;ACT;IPFV;DAT;FEM;SG,,VERB:Part+-+Pres+-+Act+-+Sing+Dat+Fem
prs.act.ptcp.dat.n.sg,VerbForm=Part|Aspect=Imp|Voice=Act|Number=Sing|Case=Dat|Gender=Neut,V.PTCP;NFIN;ACT;IPFV;DAT;NEUT;SG,,VERB:Part+-+Pres+-+Act+-+Sing+Dat+Neut
prs.act.ptcp.acc.m.sg,VerbForm=Part|Aspect=Imp|Voice=Act|Number=Sing|Case=Acc|Gender=Masc,V.PTCP;NFIN;ACT;IPFV;ACC;MASC;SG,,VERB:Part+-+Pres+-+Act+-+Sing+Acc+Masc
prs.act.ptcp.acc.f.sg,VerbForm=Part|Aspect=Imp|Voice=Act|Number=Sing|Case=Acc|Gender=Fem,V.PTCP;NFIN;ACT;IPFV;ACC;FEM;SG,,VERB:Part+-+Pres+-+Act+-+Sing+Acc+Fem
prs.act.ptcp.acc.n.sg,VerbForm=Part|Aspect=Imp|Voice=Act|Number=Sing|Case=Acc|Gender=Neut,V.PTCP;NFIN;ACT;IPFV;ACC;NEUT;SG,,VERB:Part+-+Pres+-+Act+-+Sing+Acc+Neut
prs.act.ptcp.voc.m.sg,VerbForm=Part|Aspect=Imp|Voice=Act|Number=Sing|Case=Voc|Gender=Masc,V.PTCP;NFIN;ACT;IPFV;VOC;MASC;SG,,VERB:Part+-+Pres+-+Act+-+Sing+Voc+Masc
prs.act.ptcp.voc.f.sg,VerbForm=Part|Aspect=Imp|Voice=Act|Number=Sing|Case=Voc|Gender=Fem,V.PTCP;NFIN;ACT;IPFV;VOC;FEM;SG,,VERB:Part+-+Pres+-+Act+-+Sing+Voc+Fem
prs.act.ptcp.voc.n.sg,VerbForm=Part|Aspect=Imp|Voice=Act|Number=Sing|Case=Voc|Gender=Neut,V.PTCP;NFIN;ACT;IPFV;VOC;NEUT;SG,,VERB:Part+-+Pres+-+Act+-+Sing+Voc+Neut
prs.act.ptcp.abl.m.sg,VerbForm=Part|Aspect=Imp|Voice=Act|Number=Sing|Case=Abl|Gender=Masc,V.PTCP;NFIN;ACT;IPFV;ABL;MASC;SG,,VERB:Part+-+Pres+-+Act+-+Sing+Abl+Masc
prs.act.ptcp.abl.f.sg,VerbForm=Part|Aspect=Imp|Voice=Act|Number=Sing|Case=Abl|Gender=Fem,V.PTCP;NFIN;ACT;IPFV;ABL;FEM;SG,,VERB:Part+-+Pres+-+Act+-+Sing+Abl+Fem
prs.act.ptcp.abl.n.sg,VerbForm=Part|Aspect=Imp|Voice=Act|Number=Sing|Case=Abl|Gender=Neut,V.PTCP;NFIN;ACT;IPFV;ABL;NEUT;SG,,VERB:Part+-+Pres+-+Act+-+Sing+Abl+Neut
prs.act.ptcp.nom.m.pl,VerbForm=Part|Aspect=Imp|Voice=Act|Number=Plur|Case=Nom|Gender=Masc,V.PTCP;NFIN;ACT;IPFV;NOM;MASC;PL,,VERB:Part+-+Pres+-+Act+-+Plur+Nom+Masc
prs.act.ptcp.nom.f.pl,VerbForm=Part|Aspect=Imp|Voice=Act|Number=Plur|Case=Nom|Gender=Fem,V.PTCP;NFIN;ACT;IPFV;NOM;FEM;PL,,VERB:Part+-+Pres+-+Act+-+Plur+Nom+Fem
prs.act.ptcp.nom.n.pl,VerbForm=Part|Aspect=Imp|Voice=Act|Number=Plur|Case=Nom|Gender=Neut,V.PTCP;NFIN;ACT;IPFV;NOM;NEUT;PL,,VERB:Part+-+Pres+-+Act+-+Plur+Nom+Neut
prs.act.ptcp.gen.m.pl,VerbForm=Part|Aspect=Imp|Voice=Act|Number=Plur|Case=Gen|Gender=Masc,V.PTCP;NFIN;ACT;IPFV;GEN;MASC;PL,,VERB:Part+-+Pres+-+Act+-+Plur+Gen+Masc
prs.act.ptcp.gen.f.pl,VerbForm=Part|Aspect=Imp|Voice=Act|Number=Plur|Case=Gen|Gender=Fem,V.PTCP;NFIN;ACT;IPFV;GEN;FEM;PL,,VERB:Part+-+Pres+-+Act+-+Plur+Gen+Fem
prs.act.ptcp.gen.n.pl,VerbForm=Part|Aspect=Imp|Voice=Act|Number=Plur|Case=Gen|Gender=Neut,V.PTCP;NFIN;ACT;IPFV;GEN;NEUT;PL,,VERB:Part+-+Pres+-+Act+-+Plur+Gen+Neut
prs.act.ptcp.dat.m.pl,VerbForm=Part|Aspect=Imp|Voice=Act|Number=Plur|Case=Dat|Gender=Masc,V.PTCP;NFIN;ACT;IPFV;DAT;MASC;PL,,VERB:Part+-+Pres+-+Act+-+Plur+Dat+Masc
prs.act.ptcp.dat.f.pl,VerbForm=Part|Aspect=Imp|Voice=Act|Number=Plur|Case=Dat|Gender=Fem,V.PTCP;NFIN;ACT;IPFV;DAT;FEM;PL,,VERB:Part+-+Pres+-+Act+-+Plur+Dat+Fem
prs.act.ptcp.dat.n.pl,VerbForm=Part|Aspect=Imp|Voice=Act|Number=Plur|Case=Dat|Gender=Neut,V.PTCP;NFIN;ACT;IPFV;DAT;NEUT;PL,,VERB:Part+-+Pres+-+Act+-+Plur+Dat+Neut
prs.act.ptcp.acc.m.pl,VerbForm=Part|Aspect=Imp|Voice=Act|Number=Plur|Case=Acc|Gender=Masc,V.PTCP;NFIN;ACT;IPFV;ACC;MASC;PL,,VERB:Part+-+Pres+-+Act+-+Plur+Acc+Masc
prs.act.ptcp.acc.f.pl,VerbForm=Part|Aspect=Imp|Voice=Act|Number=Plur|Case=Acc|Gender=Fem,V.PTCP;NFIN;ACT;IPFV;ACC;FEM;PL,,VERB:Part+-+Pres+-+Act+-+Plur+Acc+Fem
prs.act.ptcp.acc.n.pl,VerbForm=Part|Aspect=Imp|Voice=Act|Number=Plur|Case=Acc|Gender=Neut,V.PTCP;NFIN;ACT;IPFV;ACC;NEUT;PL,,VERB:Part+-+Pres+-+Act+-+Plur+Acc+Neut
prs.act.ptcp.voc.m.pl,VerbForm=Part|Aspect=Imp|Voice=Act|Number=Plur|Case=Voc|Gender=Masc,V.PTCP;NFIN;ACT;IPFV;VOC;MASC;PL,,VERB:Part+-+Pres+-+Act+-+Plur+Voc+Masc
prs.act.ptcp.voc.f.pl,VerbForm=Part|Aspect=Imp|Voice=Act|Number=Plur|Case=Voc|Gender=Fem,V.PTCP;NFIN;ACT;IPFV;VOC;FEM;PL,,VERB:Part+-+Pres+-+Act+-+Plur+Voc+Fem
prs.act.ptcp.voc.n.pl,VerbForm=Part|Aspect=Imp|Voice=Act|Number=Plur|Case=Voc|Gender=Neut,V.PTCP;NFIN;ACT;IPFV;VOC;NEUT;PL,,VERB:Part+-+Pres+-+Act+-+Plur+Voc+Neut
prs.act.ptcp.abl.m.pl,VerbForm=Part|Aspect=Imp|Voice=Act|Number=Plur|Case=Abl|Gender=Masc,V.PTCP;NFIN;ACT;IPFV;ABL;MASC;PL,,VERB:Part+-+Pres+-+Act+-+Plur+Abl+Masc
prs.act.ptcp.abl.f.pl,VerbForm=Part|Aspect=Imp|Voice=Act|Number=Plur|Case=Abl|Gender=Fem,V.PTCP;NFIN;ACT;IPFV;ABL;FEM;PL,,VERB:Part+-+Pres+-+Act+-+Plur+Abl+Fem
prs.act.ptcp.abl.n.pl,VerbForm=Part|Aspect=Imp|Voice=Act|Number=Plur|Case=Abl|Gender=Neut,V.PTCP;NFIN;ACT;IPFV;ABL;NEUT;PL,,VERB:Part+-+Pres+-+Act+-+Plur+Abl+Neut
prf.act.ind.1.sg,VerbForm=Fin|Mood=Ind|Tense=Past|Aspect=Perf|Voice=Act|Person=1|Number=Sing,V;FIN;ACT;PST;PFV;IND;1;SG,PRET~1SG,VERB:Fin+Ind+Past+Perf+Act+1+Sing+-+-
prf.act.ind.2.sg,VerbForm=Fin|Mood=Ind|Tense=Past|Aspect=Perf|Voice=Act|Person=2|Number=Sing,V;FIN;ACT;PST;PFV;IND;2;SG,PRET~2SG,VERB:Fin+Ind+Past+Perf+Act+2+Sing+-+-
prf.act.ind.3.sg,VerbForm=Fin|Mood=Ind|Tense=Past|Aspect=Perf|Voice=Act|Person=3|Number=Sing,V;FIN;ACT;PST;PFV;IND;3;SG,PRET~3SG,VERB:Fin+Ind+Past+Perf+Act+3+Sing+-+-
prf.act.ind.1.pl,VerbForm=Fin|Mood=Ind|Tense=Past|Aspect=Perf|Voice=Act|Person=1|Number=Plur,V;FIN;ACT;PST;PFV;IND;1;PL,PRET~1PL,VERB:Fin+Ind+Past+Perf+Act+1+Plur+-+-
prf.act.ind.2.pl,VerbForm=Fin|Mood=Ind|Tense=Past|Aspect=Perf|Voice=Act|Person=2|Number=Plur,V;FIN;ACT;PST;PFV;IND;2;PL,PRET~2PL,VERB:Fin+Ind+Past+Perf+Act+2+Plur+-+-
prf.act.ind.3.pl,VerbForm=Fin|Mood=Ind|Tense=Past|Aspect=Perf|Voice=Act|Person=3|Number=Plur,V;FIN;ACT;PST;PFV;IND;3;PL,PRET~3PL,VERB:Fin+Ind+Past+Perf+Act+3+Plur+-+-
pprf.act.ind.1.sg,VerbForm=Fin|Mood=Ind|Tense=Pqp|Aspect=Perf|Voice=Act|Person=1|Number=Sing,V;FIN;ACT;PST;PRF;IND;1;SG,PLUP-IND~1SG,VERB:Fin+Ind+Pqp+Perf+Act+1+Sing+-+-
pprf.act.ind.2.sg,VerbForm=Fin|Mood=Ind|Tense=Pqp|Aspect=Perf|Voice=Act|Person=2|Number=Sing,V;FIN;ACT;PST;PRF;IND;2;SG,PLUP-IND~2SG,VERB:Fin+Ind+Pqp+Perf+Act+2+Sing+-+-
pprf.act.ind.3.sg,VerbForm=Fin|Mood=Ind|Tense=Pqp|Aspect=Perf|Voice=Act|Person=3|Number=Sing,V;FIN;ACT;PST;PRF;IND;3;SG,PLUP-IND~3SG,VERB:Fin+Ind+Pqp+Perf+Act+3+Sing+-+-
pprf.act.ind.1.pl,VerbForm=Fin|Mood=Ind|Tense=Pqp|Aspect=Perf|Voice=Act|Person=1|Number=Plur,V;FIN;ACT;PST;PRF;IND;1;PL,PLUP-IND~1PL,VERB:Fin+Ind+Pqp+Perf+Act+1+Plur+-+-
pprf.act.ind.2.pl,VerbForm=Fin|Mood=Ind|Tense=Pqp|Aspect=Perf|Voice=Act|Person=2|Number=Plur,V;FIN;ACT;PST;PRF;IND;2;PL,PLUP-IND~2PL,VERB:Fin+Ind+Pqp+Perf+Act+2+Plur+-+-
pprf.act.ind.3.pl,VerbForm=Fin|Mood=Ind|Tense=Pqp|Aspect=Perf|Voice=Act|Person=3|Number=Plur,V;FIN;ACT;PST;PRF;IND;3;PL,PLUP-IND~3PL,VERB:Fin+Ind+Pqp+Perf+Act+3+Plur+-+-
fprf.act.ind.1.sg,VerbForm=Fin|Mood=Ind|Tense=Fut|Aspect=Perf|Voice=Act|Person=1|Number=Sing,V;FIN;ACT;FUT;PRF;IND;1;SG,FUT-PRF~1SG,VERB:Fin+Ind+Fut+Perf+Act+1+Sing+-+-
fprf.act.ind.2.sg,VerbForm=Fin|Mood=Ind|Tense=Fut|Aspect=Perf|Voice=Act|Person=2|Number=Sing,V;FIN;ACT;FUT;PRF;IND;2;SG,FUT-PRF~2SG,VERB:Fin+Ind+Fut+Perf+Act+2+Sing+-+-
fprf.act.ind.3.sg,VerbForm=Fin|Mood=Ind|Tense=Fut|Aspect=Perf|Voice=Act|Person=3|Number=Sing,V;FIN;ACT;FUT;PRF;IND;3;SG,FUT-PRF~3SG,VERB:Fin+Ind+Fut+Perf+Act+3+Sing+-+-
fprf.act.ind.1.pl,VerbForm=Fin|Mood=Ind|Tense=Fut|Aspect=Perf|Voice=Act|Person=1|Number=Plur,V;FIN;ACT;FUT;PRF;IND;1;PL,FUT-PRF~1PL,VERB:Fin+Ind+Fut+Perf+Act+1+Plur+-+-
fprf.act.ind.2.pl,VerbForm=Fin|Mood=Ind|Tense=Fut|Aspect=Perf|Voice=Act|Person=2|Number=Plur,V;FIN;ACT;FUT;PRF;IND;2;PL,FUT-PRF~2PL,VERB:Fin+Ind+Fut+Perf+Act+2+Plur+-+-
fprf.act.ind.3.pl,VerbForm=Fin|Mood=Ind|Tense=Fut|Aspect=Perf|Voice=Act|Person=3|Number=Plur,V;FIN;ACT;FUT;PRF;IND;3;PL,FUT-PRF~3PL,VERB:Fin+Ind+Fut+Perf+Act+3+Plur+-+-
prf.act.sbjv.1.sg,VerbForm=Fin|Mood=Sub|Tense=Pres|Aspect=Perf|Voice=Act|Person=1|Number=Sing,V;FIN;ACT;PST;PFV;SBJV;1;SG,PRF-SBJV~1SG,VERB:Fin+Sub+Past+Perf+Act+1+Sing+-+-
prf.act.sbjv.2.sg,VerbForm=Fin|Mood=Sub|Tense=Pres|Aspect=Perf|Voice=Act|Person=2|Number=Sing,V;FIN;ACT;PST;PFV;SBJV;2;SG,PRF-SBJV~2SG,VERB:Fin+Sub+Past+Perf+Act+2+Sing+-+-
prf.act.sbjv.3.sg,VerbForm=Fin|Mood=Sub|Tense=Pres|Aspect=Perf|Voice=Act|Person=3|Number=Sing,V;FIN;ACT;PST;PFV;SBJV;3;SG,PRF-SBJV~3SG,VERB:Fin+Sub+Past+Perf+Act+3+Sing+-+-
prf.act.sbjv.1.pl,VerbForm=Fin|Mood=Sub|Tense=Pres|Aspect=Perf|Voice=Act|Person=1|Number=Plur,V;FIN;ACT;PST;PFV;SBJV;1;PL,PRF-SBJV~1PL,VERB:Fin+Sub+Past+Perf+Act+1+Plur+-+-
prf.act.sbjv.2.pl,VerbForm=Fin|Mood=Sub|Tense=Pres|Aspect=Perf|Voice=Act|Person=2|Number=Plur,V;FIN;ACT;PST;PFV;SBJV;2;PL,PRF-SBJV~2PL,VERB:Fin+Sub+Past+Perf+Act+2+Plur+-+-
prf.act.sbjv.3.pl,VerbForm=Fin|Mood=Sub|Tense=Pres|Aspect=Perf|Voice=Act|Person=3|Number=Plur,V;FIN;ACT;PST;PFV;SBJV;3;PL,PRF-SBJV~3PL,VERB:Fin+Sub+Past+Perf+Act+3+Plur+-+-
pprf.act.sbjv.1.sg,VerbForm=Fin|Mood=Sub|Tense=Past|Aspect=Perf|Voice=Act|Person=1|Number=Sing,V;FIN;ACT;PST;PRF;SBJV;1;SG,PLUP-SBJV~1SG,VERB:Fin+Sub+Pqp+Perf+Act+1+Sing+-+-
pprf.act.sbjv.2.sg,VerbForm=Fin|Mood=Sub|Tense=Past|Aspect=Perf|Voice=Act|Person=2|Number=Sing,V;FIN;ACT;PST;PRF;SBJV;2;SG,PLUP-SBJV~2SG,VERB:Fin+Sub+Pqp+Perf+Act+2+Sing+-+-
pprf.act.sbjv.3.sg,VerbForm=Fin|Mood=Sub|Tense=Past|Aspect=Perf|Voice=Act|Person=3|Number=Sing,V;FIN;ACT;PST;PRF;SBJV;3;SG,PLUP-SBJV~3SG,VERB:Fin+Sub+Pqp+Perf+Act+3+Sing+-+-
pprf.act.sbjv.1.pl,VerbForm=Fin|Mood=Sub|Tense=Past|Aspect=Perf|Voice=Act|Person=1|Number=Plur,V;FIN;ACT;PST;PRF;SBJV;1;PL,PLUP-SBJV~1PL,VERB:Fin+Sub+Pqp+Perf+Act+1+Plur+-+-
pprf.act.sbjv.2.pl,VerbForm=Fin|Mood=Sub|Tense=Past|Aspect=Perf|Voice=Act|Person=2|Number=Plur,V;FIN;ACT;PST;PRF;SBJV;2;PL,PLUP-SBJV~2PL,VERB:Fin+Sub+Pqp+Perf+Act+2+Plur+-+-
pprf.act.sbjv.3.pl,VerbForm=Fin|Mood=Sub|Tense=Past|Aspect=Perf|Voice=Act|Person=3|Number=Plur,V;FIN;ACT;PST;PRF;SBJV;3;PL,PLUP-SBJV~3PL,VERB:Fin+Sub+Pqp+Perf+Act+3+Plur+-+-
prf.act.inf,VerbForm=Inf|Aspect=Perf|Voice=Act,V;NFIN;ACT;PFV,,VERB:Inf+-+Past+Perf+Act+-+-+-+-
sup.acc,VerbForm=Vnoun|Aspect=Prosp|Voice=Act|Case=Acc|Number=Sing,V.MSDR;ACT;PROSP;ACC;SG,,VERB:Sup+-+-+-+Act+-+-+Acc+-
sup.abl,VerbForm=Vnoun|Aspect=Prosp|Voice=Pass|Case=Abl|Number=Sing,V.MSDR;PASS;PROSP;ABL;SG,,VERB:Sup+-+-+-+Pass+-+-+Abl+-
prf.pass.ptcp.nom.m.sg,VerbForm=Part|Aspect=Perf|Voice=Pass|Number=Sing|Case=Nom|Gender=Masc,V.PTCP;NFIN;PASS;PFV;NOM;MASC;SG,PST-PTCP~SG~NOM~M,VERB:Part+-+Past+Perf+Pass+-+Sing+Nom+Masc
prf.pass.ptcp.nom.f.sg,VerbForm=Part|Aspect=Perf|Voice=Pass|Number=Sing|Case=Nom|Gender=Fem,V.PTCP;NFIN;PASS;PFV;NOM;FEM;SG,PST-PTCP~SG~NOM~F,VERB:Part+-+Past+Perf+Pass+-+Sing+Nom+Fem
prf.pass.ptcp.nom.n.sg,VerbForm=Part|Aspect=Perf|Voice=Pass|Number=Sing|Case=Nom|Gender=Neut,V.PTCP;NFIN;PASS;PFV;NOM;NEUT;SG,PST-PTCP~SG~NOM~N,VERB:Part+-+Past+Perf+Pass+-+Sing+Nom+Neut
prf.pass.ptcp.gen.m.sg,VerbForm=Part|Aspect=Perf|Voice=Pass|Number=Sing|Case=Gen|Gender=Masc,V.PTCP;NFIN;PASS;PFV;GEN;MASC;SG,,VERB:Part+-+Past+Perf+Pass+-+Sing+Gen+Masc
prf.pass.ptcp.gen.f.sg,VerbForm=Part|Aspect=Perf|Voice=Pass|Number=Sing|Case=Gen|Gender=Fem,V.PTCP;NFIN;PASS;PFV;GEN;FEM;SG,,VERB:Part+-+Past+Perf+Pass+-+Sing+Gen+Fem
prf.pass.ptcp.gen.n.sg,VerbForm=Part|Aspect=Perf|Voice=Pass|Number=Sing|Case=Gen|Gender=Neut,V.PTCP;NFIN;PASS;PFV;GEN;NEUT;SG,,VERB:Part+-+Past+Perf+Pass+-+Sing+Gen+Neut
prf.pass.ptcp.dat.m.sg,VerbForm=Part|Aspect=Perf|Voice=Pass|Number=Sing|Case=Dat|Gender=Masc,V.PTCP;NFIN;PASS;PFV;DAT;MASC;SG,,VERB:Part+-+Past+Perf+Pass+-+Sing+Dat+Masc
prf.pass.ptcp.dat.f.sg,VerbForm=Part|Aspect=Perf|Voice=Pass|Number=Sing|Case=Dat|Gender=Fem,V.PTCP;NFIN;PASS;PFV;DAT;FEM;SG,,VERB:Part+-+Past+Perf+Pass+-+Sing+Dat+Fem
prf.pass.ptcp.dat.n.sg,VerbForm=Part|Aspect=Perf|Voice=Pass|Number=Sing|Case=Dat|Gender=Neut,V.PTCP;NFIN;PASS;PFV;DAT;NEUT;SG,,VERB:Part+-+Past+Perf+Pass+-+Sing+Dat+Neut
prf.pass.ptcp.acc.m.sg,VerbForm=Part|Aspect=Perf|Voice=Pass|Number=Sing|Case=Acc|Gender=Masc,V.PTCP;NFIN;PASS;PFV;ACC;MASC;SG,PST-PTCP~SG~ACC~M,VERB:Part+-+Past+Perf+Pass+-+Sing+Acc+Masc
prf.pass.ptcp.acc.f.sg,VerbForm=Part|Aspect=Perf|Voice=Pass|Number=Sing|Case=Acc|Gender=Fem,V.PTCP;NFIN;PASS;PFV;ACC;FEM;SG,PST-PTCP~SG~ACC~F,VERB:Part+-+Past+Perf+Pass+-+Sing+Acc+Fem
prf.pass.ptcp.acc.n.sg,VerbForm=Part|Aspect=Perf|Voice=Pass|Number=Sing|Case=Acc|Gender=Neut,V.PTCP;NFIN;PASS;PFV;ACC;NEUT;SG,PST-PTCP~SG~ACC~N,VERB:Part+-+Past+Perf+Pass+-+Sing+Acc+Neut
prf.pass.ptcp.voc.m.sg,VerbForm=Part|Aspect=Perf|Voice=Pass|Number=Sing|Case=Voc|Gender=Masc,V.PTCP;NFIN;PASS;PFV;VOC;MASC;SG,,VERB:Part+-+Past+Perf+Pass+-+Sing+Voc+Masc
prf.pass.ptcp.voc.f.sg,VerbForm=Part|Aspect=Perf|Voice=Pass|Number=Sing|Case=Voc|Gender=Fem,V.PTCP;NFIN;PASS;PFV;VOC;FEM;SG,,VERB:Part+-+Past+Perf+Pass+-+Sing+Voc+Fem
prf.pass.ptcp.voc.n.sg,VerbForm=Part|Aspect=Perf|Voice=Pass|Number=Sing|Case=Voc|Gender=Neut,V.PTCP;NFIN;PASS;PFV;VOC;NEUT;SG,,VERB:Part+-+Past+Perf+Pass+-+Sing+Voc+Neut
prf.pass.ptcp.abl.m.sg,VerbForm=Part|Aspect=Perf|Voice=Pass|Number=Sing|Case=Abl|Gender=Masc,V.PTCP;NFIN;PASS;PFV;ABL;MASC;SG,,VERB:Part+-+Past+Perf+Pass+-+Sing+Abl+Masc
prf.pass.ptcp.abl.f.sg,VerbForm=Part|Aspect=Perf|Voice=Pass|Number=Sing|Case=Abl|Gender=Fem,V.PTCP;NFIN;PASS;PFV;ABL;FEM;SG,,VERB:Part+-+Past+Perf+Pass+-+Sing+Abl+Fem
prf.pass.ptcp.abl.n.sg,VerbForm=Part|Aspect=Perf|Voice=Pass|Number=Sing|Case=Abl|Gender=Neut,V.PTCP;NFIN;PASS;PFV;ABL;NEUT;SG,,VERB:Part+-+Past+Perf+Pass+-+Sing+Abl+Neut
prf.pass.ptcp.nom.m.pl,VerbForm=Part|Aspect=Perf|Voice=Pass|Number=Plur|Case=Nom|Gender=Masc,V.PTCP;NFIN;PASS;PFV;NOM;MASC;PL,PST-PTCP~PL~NOM~M,VERB:Part+-+Past+Perf+Pass+-+Plur+Nom+Masc
prf.pass.ptcp.nom.f.pl,VerbForm=Part|Aspect=Perf|Voice=Pass|Number=Plur|Case=Nom|Gender=Fem,V.PTCP;NFIN;PASS;PFV;NOM;FEM;PL,PST-PTCP~PL~NOM~F,VERB:Part+-+Past+Perf+Pass+-+Plur+Nom+Fem
prf.pass.ptcp.nom.n.pl,VerbForm=Part|Aspect=Perf|Voice=Pass|Number=Plur|Case=Nom|Gender=Neut,V.PTCP;NFIN;PASS;PFV;NOM;NEUT;PL,PST-PTCP~PL~NOM~N,VERB:Part+-+Past+Perf+Pass+-+Plur+Nom+Neut
prf.pass.ptcp.gen.m.pl,VerbForm=Part|Aspect=Perf|Voice=Pass|Number=Plur|Case=Gen|Gender=Masc,V.PTCP;NFIN;PASS;PFV;GEN;MASC;PL,,VERB:Part+-+Past+Perf+Pass+-+Plur+Gen+Masc
prf.pass.ptcp.gen.f.pl,VerbForm=Part|Aspect=Perf|Voice=Pass|Number=Plur|Case=Gen|Gender=Fem,V.PTCP;NFIN;PASS;PFV;GEN;FEM;PL,,VERB:Part+-+Past+Perf+Pass+-+Plur+Gen+Fem
prf.pass.ptcp.gen.n.pl,VerbForm=Part|Aspect=Perf|Voice=Pass|Number=Plur|Case=Gen|Gender=Neut,V.PTCP;NFIN;PASS;PFV;GEN;NEUT;PL,,VERB:Part+-+Past+Perf+Pass+-+Plur+Gen+Neut
prf.pass.ptcp.dat.m.pl,VerbForm=Part|Aspect=Perf|Voice=Pass|Number=Plur|Case=Dat|Gender=Masc,V.PTCP;NFIN;PASS;PFV;DAT;MASC;PL,,VERB:Part+-+Past+Perf+Pass+-+Plur+Dat+Masc
prf.pass.ptcp.dat.f.pl,VerbForm=Part|Aspect=Perf|Voice=Pass|Number=Plur|Case=Dat|Gender=Fem,V.PTCP;NFIN;PASS;PFV;DAT;FEM;PL,,VERB:Part+-+Past+Perf+Pass+-+Plur+Dat+Fem
prf.pass.ptcp.dat.n.pl,VerbForm=Part|Aspect=Perf|Voice=Pass|Number=Plur|Case=Dat|Gender=Neut,V.PTCP;NFIN;PASS;PFV;DAT;NEUT;PL,,VERB:Part+-+Past+Perf+Pass+-+Plur+Dat+Neut
prf.pass.ptcp.acc.m.pl,VerbForm=Part|Aspect=Perf|Voice=Pass|Number=Plur|Case=Acc|Gender=Masc,V.PTCP;NFIN;PASS;PFV;ACC;MASC;PL,PST-PTCP~PL~ACC~M,VERB:Part+-+Past+Perf+Pass+-+Plur+Acc+Masc
prf.pass.ptcp.acc.f.pl,VerbForm=Part|Aspect=Perf|Voice=Pass|Number=Plur|Case=Acc|Gender=Fem,V.PTCP;NFIN;PASS;PFV;ACC;FEM;PL,PST-PTCP~PL~ACC~F,VERB:Part+-+Past+Perf+Pass+-+Plur+Acc+Fem
prf.pass.ptcp.acc.n.pl,VerbForm=Part|Aspect=Perf|Voice=Pass|Number=Plur|Case=Acc|Gender=Neut,V.PTCP;NFIN;PASS;PFV;ACC;NEUT;PL,PST-PTCP~PL~ACC~N,VERB:Part+-+Past+Perf+Pass+-+Plur+Acc+Neut
prf.pass.ptcp.voc.m.pl,VerbForm=Part|Aspect=Perf|Voice=Pass|Number=Plur|Case=Voc|Gender=Masc,V.PTCP;NFIN;PASS;PFV;VOC;MASC;PL,,VERB:Part+-+Past+Perf+Pass+-+Plur+Voc+Masc
prf.pass.ptcp.voc.f.pl,VerbForm=Part|Aspect=Perf|Voice=Pass|Number=Plur|Case=Voc|Gender=Fem,V.PTCP;NFIN;PASS;PFV;VOC;FEM;PL,,VERB:Part+-+Past+Perf+Pass+-+Plur+Voc+Fem
prf.pass.ptcp.voc.n.pl,VerbForm=Part|Aspect=Perf|Voice=Pass|Number=Plur|Case=Voc|Gender=Neut,V.PTCP;NFIN;PASS;PFV;VOC;NEUT;PL,,VERB:Part+-+Past+Perf+Pass+-+Plur+Voc+Neut
prf.pass.ptcp.abl.m.pl,VerbForm=Part|Aspect=Perf|Voice=Pass|Number=Plur|Case=Abl|Gender=Masc,V.PTCP;NFIN;PASS;PFV;ABL;MASC;PL,,VERB:Part+-+Past+Perf+Pass+-+Plur+Abl+Masc
prf.pass.ptcp.abl.f.pl,VerbForm=Part|Aspect=Perf|Voice=Pass|Number=Plur|Case=Abl|Gender=Fem,V.PTCP;NFIN;PASS;PFV;ABL;FEM;PL,,VERB:Part+-+Past+Perf+Pass+-+Plur+Abl+Fem
prf.pass.ptcp.abl.n.pl,VerbForm=Part|Aspect=Perf|Voice=Pass|Number=Plur|Case=Abl|Gender=Neut,V.PTCP;NFIN;PASS;PFV;ABL;NEUT;PL,,VERB:Part+-+Past+Perf+Pass+-+Plur+Abl+Neut
fut.act.ptcp.nom.m.sg,VerbForm=Part|Aspect=Prosp|Voice=Act|Number=Sing|Case=Nom|Gender=Masc,V.PTCP;NFIN;ACT;PROSP;NOM;MASC;SG,,VERB:Part+-+Fut+-+Act+-+Sing+Nom+Masc
fut.act.ptcp.nom.f.sg,VerbForm=Part|Aspect=Prosp|Voice=Act|Number=Sing|Case=Nom|Gender=Fem,V.PTCP;NFIN;ACT;PROSP;NOM;FEM;SG,,VERB:Part+-+Fut+-+Act+-+Sing+Nom+Fem
fut.act.ptcp.nom.n.sg,VerbForm=Part|Aspect=Prosp|Voice=Act|Number=Sing|Case=Nom|Gender=Neut,V.PTCP;NFIN;ACT;PROSP;NOM;NEUT;SG,,VERB:Part+-+Fut+-+Act+-+Sing+Nom+Neut
fut.act.ptcp.gen.m.sg,VerbForm=Part|Aspect=Prosp|Voice=Act|Number=Sing|Case=Gen|Gender=Masc,V.PTCP;NFIN;ACT;PROSP;GEN;MASC;SG,,VERB:Part+-+Fut+-+Act+-+Sing+Gen+Masc
fut.act.ptcp.gen.f.sg,VerbForm=Part|Aspect=Prosp|Voice=Act|Number=Sing|Case=Gen|Gender=Fem,V.PTCP;NFIN;ACT;PROSP;GEN;FEM;SG,,VERB:Part+-+Fut+-+Act+-+Sing+Gen+Fem
fut.act.ptcp.gen.n.sg,VerbForm=Part|Aspect=Prosp|Voice=Act|Number=Sing|Case=Gen|Gender=Neut,V.PTCP;NFIN;ACT;PROSP;GEN;NEUT;SG,,VERB:Part+-+Fut+-+Act+-+Sing+Gen+Neut
fut.act.ptcp.dat.m.sg,VerbForm=Part|Aspect=Prosp|Voice=Act|Number=Sing|Case=Dat|Gender=Masc,V.PTCP;NFIN;ACT;PROSP;DAT;MASC;SG,,VERB:Part+-+Fut+-+Act+-+Sing+Dat+Masc
fut.act.ptcp.dat.f.sg,VerbForm=Part|Aspect=Prosp|Voice=Act|Number=Sing|Case=Dat|Gender=Fem,V.PTCP;NFIN;ACT;PROSP;DAT;FEM;SG,,VERB:Part+-+Fut+-+Act+-+Sing+Dat+Fem
fut.act.ptcp.dat.n.sg,VerbForm=Part|Aspect=Prosp|Voice=Act|Number=Sing|Case=Dat|Gender=Neut,V.PTCP;NFIN;ACT;PROSP;DAT;NEUT;SG,,VERB:Part+-+Fut+-+Act+-+Sing+Dat+Neut
fut.act.ptcp.acc.m.sg,VerbForm=Part|Aspect=Prosp|Voice=Act|Number=Sing|Case=Acc|Gender=Masc,V.PTCP;NFIN;ACT;PROSP;ACC;MASC;SG,,VERB:Part+-+Fut+-+Act+-+Sing+Acc+Masc
fut.act.ptcp.acc.f.sg,VerbForm=Part|Aspect=Prosp|Voice=Act|Number=Sing|Case=Acc|Gender=Fem,V.PTCP;NFIN;ACT;PROSP;ACC;FEM;SG,,VERB:Part+-+Fut+-+Act+-+Sing+Acc+Fem
fut.act.ptcp.acc.n.sg,VerbForm=Part|Aspect=Prosp|Voice=Act|Number=Sing|Case=Acc|Gender=Neut,V.PTCP;NFIN;ACT;PROSP;ACC;NEUT;SG,,VERB:Part+-+Fut+-+Act+-+Sing+Acc+Neut
fut.act.ptcp.voc.m.sg,VerbForm=Part|Aspect=Prosp|Voice=Act|Number=Sing|Case=Voc|Gender=Masc,V.PTCP;NFIN;ACT;PROSP;VOC;MASC;SG,,VERB:Part+-+Fut+-+Act+-+Sing+Voc+Masc
fut.act.ptcp.voc.f.sg,VerbForm=Part|Aspect=Prosp|Voice=Act|Number=Sing|Case=Voc|Gender=Fem,V.PTCP;NFIN;ACT;PROSP;VOC;FEM;SG,,VERB:Part+-+Fut+-+Act+-+Sing+Voc+Fem
fut.act.ptcp.voc.n.sg,VerbForm=Part|Aspect=Prosp|Voice=Act|Number=Sing|Case=Voc|Gender=Neut,V.PTCP;NFIN;ACT;PROSP;VOC;NEUT;SG,,VERB:Part+-+Fut+-+Act+-+Sing+Voc+Neut
fut.act.ptcp.abl.m.sg,VerbForm=Part|Aspect=Prosp|Voice=Act|Number=Sing|Case=Abl|Gender=Masc,V.PTCP;NFIN;ACT;PROSP;ABL;MASC;SG,,VERB:Part+-+Fut+-+Act+-+Sing+Abl+Masc
fut.act.ptcp.abl.f.sg,VerbForm=Part|Aspect=Prosp|Voice=Act|Number=Sing|Case=Abl|Gender=Fem,V.PTCP;NFIN;ACT;PROSP;ABL;FEM;SG,,VERB:Part+-+Fut+-+Act+-+Sing+Abl+Fem
fut.act.ptcp.abl.n.sg,VerbForm=Part|Aspect=Prosp|Voice=Act|Number=Sing|Case=Abl|Gender=Neut,V.PTCP;NFIN;ACT;PROSP;ABL;NEUT;SG,,VERB:Part+-+Fut+-+Act+-+Sing+Abl+Neut
fut.act.ptcp.nom.m.pl,VerbForm=Part|Aspect=Prosp|Voice=Act|Number=Plur|Case=Nom|Gender=Masc,V.PTCP;NFIN;ACT;PROSP;NOM;MASC;PL,,VERB:Part+-+Fut+-+Act+-+Plur+Nom+Masc
fut.act.ptcp.nom.f.pl,VerbForm=Part|Aspect=Prosp|Voice=Act|Number=Plur|Case=Nom|Gender=Fem,V.PTCP;NFIN;ACT;PROSP;NOM;FEM;PL,,VERB:Part+-+Fut+-+Act+-+Plur+Nom+Fem
fut.act.ptcp.nom.n.pl,VerbForm=Part|Aspect=Prosp|Voice=Act|Number=Plur|Case=Nom|Gender=Neut,V.PTCP;NFIN;ACT;PROSP;NOM;NEUT;PL,,VERB:Part+-+Fut+-+Act+-+Plur+Nom+Neut
fut.act.ptcp.gen.m.pl,VerbForm=Part|Aspect=Prosp|Voice=Act|Number=Plur|Case=Gen|Gender=Masc,V.PTCP;NFIN;ACT;PROSP;GEN;MASC;PL,,VERB:Part+-+Fut+-+Act+-+Plur+Gen+Masc
fut.act.ptcp.gen.f.pl,VerbForm=Part|Aspect=Prosp|Voice=Act|Number=Plur|Case=Gen|Gender=Fem,V.PTCP;NFIN;ACT;PROSP;GEN;FEM;PL,,VERB:Part+-+Fut+-+Act+-+Plur+Gen+Fem
fut.act.ptcp.gen.n.pl,VerbForm=Part|Aspect=Prosp|Voice=Act|Number=Plur|Case=Gen|Gender=Neut,V.PTCP;NFIN;ACT;PROSP;GEN;NEUT;PL,,VERB:Part+-+Fut+-+Act+-+Plur+Gen+Neut
fut.act.ptcp.dat.m.pl,VerbForm=Part|Aspect=Prosp|Voice=Act|Number=Plur|Case=Dat|Gender=Masc,V.PTCP;NFIN;ACT;PROSP;DAT;MASC;PL,,VERB:Part+-+Fut+-+Act+-+Plur+Dat+Masc
fut.act.ptcp.dat.f.pl,VerbForm=Part|Aspect=Prosp|Voice=Act|Number=Plur|Case=Dat|Gender=Fem,V.PTCP;NFIN;ACT;PROSP;DAT;FEM;PL,,VERB:Part+-+Fut+-+Act+-+Plur+Dat+Fem
fut.act.ptcp.dat.n.pl,VerbForm=Part|Aspect=Prosp|Voice=Act|Number=Plur|Case=Dat|Gender=Neut,V.PTCP;NFIN;ACT;PROSP;DAT;NEUT;PL,,VERB:Part+-+Fut+-+Act+-+Plur+Dat+Neut
fut.act.ptcp.acc.m.pl,VerbForm=Part|Aspect=Prosp|Voice=Act|Number=Plur|Case=Acc|Gender=Masc,V.PTCP;NFIN;ACT;PROSP;ACC;MASC;PL,,VERB:Part+-+Fut+-+Act+-+Plur+Acc+Masc
fut.act.ptcp.acc.f.pl,VerbForm=Part|Aspect=Prosp|Voice=Act|Number=Plur|Case=Acc|Gender=Fem,V.PTCP;NFIN;ACT;PROSP;ACC;FEM;PL,,VERB:Part+-+Fut+-+Act+-+Plur+Acc+Fem
fut.act.ptcp.acc.n.pl,VerbForm=Part|Aspect=Prosp|Voice=Act|Number=Plur|Case=Acc|Gender=Neut,V.PTCP;NFIN;ACT;PROSP;ACC;NEUT;PL,,VERB:Part+-+Fut+-+Act+-+Plur+Acc+Neut
fut.act.ptcp.voc.m.pl,VerbForm=Part|Aspect=Prosp|Voice=Act|Number=Plur|Case=Voc|Gender=Masc,V.PTCP;NFIN;ACT;PROSP;VOC;MASC;PL,,VERB:Part+-+Fut+-+Act+-+Plur+Voc+Masc
fut.act.ptcp.voc.f.pl,VerbForm=Part|Aspect=Prosp|Voice=Act|Number=Plur|Case=Voc|Gender=Fem,V.PTCP;NFIN;ACT;PROSP;VOC;FEM;PL,,VERB:Part+-+Fut+-+Act+-+Plur+Voc+Fem
fut.act.ptcp.voc.n.pl,VerbForm=Part|Aspect=Prosp|Voice=Act|Number=Plur|Case=Voc|Gender=Neut,V.PTCP;NFIN;ACT;PROSP;VOC;NEUT;PL,,VERB:Part+-+Fut+-+Act+-+Plur+Voc+Neut
fut.act.ptcp.abl.m.pl,VerbForm=Part|Aspect=Prosp|Voice=Act|Number=Plur|Case=Abl|Gender=Masc,V.PTCP;NFIN;ACT;PROSP;ABL;MASC;PL,,VERB:Part+-+Fut+-+Act+-+Plur+Abl+Masc
fut.act.ptcp.abl.f.pl,VerbForm=Part|Aspect=Prosp|Voice=Act|Number=Plur|Case=Abl|Gender=Fem,V.PTCP;NFIN;ACT;PROSP;ABL;FEM;PL,,VERB:Part+-+Fut+-+Act+-+Plur+Abl+Fem
fut.act.ptcp.abl.n.pl,VerbForm=Part|Aspect=Prosp|Voice=Act|Number=Plur|Case=Abl|Gender=Neut,V.PTCP;NFIN;ACT;PROSP;ABL;NEUT;PL,,VERB:Part+-+Fut+-+Act+-+Plur+Abl+Neut
